type of use,quarter,gdp_growth
- GDP at market prices,1980K1,NA
- GDP at market prices,1980K2,NA
- GDP at market prices,1980K3,NA
- GDP at market prices,1980K4,NA
- GDP at market prices,1981K1,NA
- GDP at market prices,1981K2,NA
- GDP at market prices,1981K3,NA
- GDP at market prices,1981K4,NA
- GDP at market prices,1982K1,2.5
- GDP at market prices,1982K2,2
- GDP at market prices,1982K3,-0.5
- GDP at market prices,1982K4,1.5
- GDP at market prices,1983K1,0.9
- GDP at market prices,1983K2,0.6
- GDP at market prices,1983K3,2.8
- GDP at market prices,1983K4,3.5
- GDP at market prices,1984K1,7.1
- GDP at market prices,1984K2,4.7
- GDP at market prices,1984K3,3.3
- GDP at market prices,1984K4,2.4
- GDP at market prices,1985K1,-0.5
- GDP at market prices,1985K2,2.6
- GDP at market prices,1985K3,4.4
- GDP at market prices,1985K4,2.9
- GDP at market prices,1986K1,4.8
- GDP at market prices,1986K2,3.5
- GDP at market prices,1986K3,2.3
- GDP at market prices,1986K4,1.9
- GDP at market prices,1987K1,2.6
- GDP at market prices,1987K2,3
- GDP at market prices,1987K3,4
- GDP at market prices,1987K4,4.1
- GDP at market prices,1988K1,4.5
- GDP at market prices,1988K2,2.9
- GDP at market prices,1988K3,1.1
- GDP at market prices,1988K4,1.7
- GDP at market prices,1989K1,1.6
- GDP at market prices,1989K2,3
- GDP at market prices,1989K3,3.2
- GDP at market prices,1989K4,2.4
- GDP at market prices,1990K1,1.2
- GDP at market prices,1990K2,0.9
- GDP at market prices,1990K3,0
- GDP at market prices,1990K4,-0.2
- GDP at market prices,1991K1,-0.7
- GDP at market prices,1991K2,-2.1
- GDP at market prices,1991K3,-0.5
- GDP at market prices,1991K4,-1.2
- GDP at market prices,1992K1,1
- GDP at market prices,1992K2,-0.9
- GDP at market prices,1992K3,0.4
- GDP at market prices,1992K4,-4.4
- GDP at market prices,1993K1,-5.3
- GDP at market prices,1993K2,-2.1
- GDP at market prices,1993K3,-2.9
- GDP at market prices,1993K4,2.9
- GDP at market prices,1994K1,3.5
- GDP at market prices,1994K2,3.6
- GDP at market prices,1994K3,3
- GDP at market prices,1994K4,5.8
- GDP at market prices,1995K1,5.9
- GDP at market prices,1995K2,4.2
- GDP at market prices,1995K3,3.4
- GDP at market prices,1995K4,3
- GDP at market prices,1996K1,2.5
- GDP at market prices,1996K2,1.1
- GDP at market prices,1996K3,2.2
- GDP at market prices,1996K4,1.1
- GDP at market prices,1997K1,-1.3
- GDP at market prices,1997K2,5
- GDP at market prices,1997K3,4.1
- GDP at market prices,1997K4,4.5
- GDP at market prices,1998K1,5.2
- GDP at market prices,1998K2,2.9
- GDP at market prices,1998K3,4.5
- GDP at market prices,1998K4,4.4
- GDP at market prices,1999K1,3.9
- GDP at market prices,1999K2,4.3
- GDP at market prices,1999K3,4.3
- GDP at market prices,1999K4,4.2
- GDP at market prices,2000K1,4.3
- GDP at market prices,2000K2,5.6
- GDP at market prices,2000K3,5.1
- GDP at market prices,2000K4,3.6
- GDP at market prices,2001K1,4.1
- GDP at market prices,2001K2,0.8
- GDP at market prices,2001K3,0.6
- GDP at market prices,2001K4,0.1
- GDP at market prices,2002K1,0.8
- GDP at market prices,2002K2,4
- GDP at market prices,2002K3,2.7
- GDP at market prices,2002K4,1.7
- GDP at market prices,2003K1,2.4
- GDP at market prices,2003K2,0.6
- GDP at market prices,2003K3,2.1
- GDP at market prices,2003K4,2.4
- GDP at market prices,2004K1,3.4
- GDP at market prices,2004K2,4.6
- GDP at market prices,2004K3,4
- GDP at market prices,2004K4,4.7
- GDP at market prices,2005K1,1.3
- GDP at market prices,2005K2,3.7
- GDP at market prices,2005K3,3.3
- GDP at market prices,2005K4,2.9
- GDP at market prices,2006K1,5.9
- GDP at market prices,2006K2,3.7
- GDP at market prices,2006K3,4.1
- GDP at market prices,2006K4,5
- GDP at market prices,2007K1,3.9
- GDP at market prices,2007K2,3.5
- GDP at market prices,2007K3,2.8
- GDP at market prices,2007K4,2.6
- GDP at market prices,2008K1,1.1
- GDP at market prices,2008K2,1.9
- GDP at market prices,2008K3,-0.4
- GDP at market prices,2008K4,-5.8
- GDP at market prices,2009K1,-6.4
- GDP at market prices,2009K2,-6.2
- GDP at market prices,2009K3,-4.4
- GDP at market prices,2009K4,-0.1
- GDP at market prices,2010K1,2.2
- GDP at market prices,2010K2,5.7
- GDP at market prices,2010K3,7.1
- GDP at market prices,2010K4,7.9
- GDP at market prices,2011K1,7
- GDP at market prices,2011K2,3.6
- GDP at market prices,2011K3,3.3
- GDP at market prices,2011K4,-0.7
- GDP at market prices,2012K1,0.2
- GDP at market prices,2012K2,-0.8
- GDP at market prices,2012K3,-1.1
- GDP at market prices,2012K4,0
- GDP at market prices,2013K1,-0.4
- GDP at market prices,2013K2,1.1
- GDP at market prices,2013K3,1
- GDP at market prices,2013K4,2.7
- GDP at market prices,2014K1,2.3
- GDP at market prices,2014K2,2.2
- GDP at market prices,2014K3,2.5
- GDP at market prices,2014K4,2.2
- GDP at market prices,2015K1,2.8
- GDP at market prices,2015K2,5.4
- GDP at market prices,2015K3,3.8
- GDP at market prices,2015K4,5.3
- GDP at market prices,2016K1,2.4
- GDP at market prices,2016K2,2.4
- GDP at market prices,2016K3,1.7
- GDP at market prices,2016K4,2
- GDP at market prices,2017K1,4.3
- GDP at market prices,2017K2,0.3
- GDP at market prices,2017K3,1.4
- GDP at market prices,2017K4,1.6
- GDP at market prices,2018K1,1.2
- GDP at market prices,2018K2,2.5
- GDP at market prices,2018K3,1.5
- GDP at market prices,2018K4,1.9
- GDP at market prices,2019K1,2.1
- GDP at market prices,2019K2,2.1
- GDP at market prices,2019K3,3.2
- GDP at market prices,2019K4,3.1
- GDP at market prices,2020K1,2.8
- GDP at market prices,2020K2,-7.2
- GDP at market prices,2020K3,-1.6
- GDP at market prices,2020K4,-1.5
- GDP at market prices,2021K1,0.1
- GDP at market prices,2021K2,11.2
- GDP at market prices,2021K3,4.2
- GDP at market prices,2021K4,5.5
- GDP at market prices,2022K1,2.3
- GDP at market prices,2022K2,1.9
- GDP at market prices,2022K3,2.2
- GDP at market prices,2022K4,-1.1
- GDP at market prices,2023K1,1.3
- GDP at market prices,2023K2,-1.9
- GDP at market prices,2023K3,0.3
- GDP at market prices,2023K4,-0.3
- GDP at market prices,2024K1,1.3
- GDP at market prices,2024K2,1.9
- GDP at market prices,2024K3,1.2
- GDP at market prices,2024K4,3.4
- GDP at market prices,2025K1,-0.5
- GDP at market prices,2025K2,2.2
- GDP at market prices,2025K3,2.3
- GDP at market prices,2025K4,2
- GDP at market prices,2026K1,2
