"quarter","gdp_growth","consumption_growth","asset_liability_ratio","saving_rate","debt_income","interest_burden","real_house_price_growth","policy_rate","debt_growth"
"1996K2",-1.2,0.6,2.53441389647845,13,93.5,7.6,0.729175813025673,6.69661016949153,0.624049627001
"1996K3",0.4,1.4,2.6147106865317,1.2,93.8,8.3,2.2677370275388,5.48333333333333,0.622065027976326
"1996K4",1.6,-0.4,2.6957869726134,-8.9,95.2,8,0.013052274377312,4.60725806451613,1.03070186712184
"1997K1",0.2,1.7,2.92025476620695,-3.9,96.5,8.1,1.86603756621544,4.1,1.21258716538506
"1997K2",1.7,1.3,3.00360800308283,5.8,98.2,6.7,2.65403999698952,4.1,1.36598276034245
"1997K3",0.5,-0.3,3.07236527717029,-0.7,98.8,7.4,1.6090565238291,4.1,1.09120316885996
"1997K4",2,0.8,3.02356954703379,-11.3,100.1,7.4,-0.438032135580446,4.13225806451613,1.9563101353981
"1998K1",0.2,0.6,3.18972495214688,-2.9,100.4,7.5,3.89722116588507,4.35,1.20340374017349
"1998K2",1,1.6,3.25416228060753,5.3,101.4,6.5,2.95004973434558,4.2864406779661,1.41351798816149
"1998K3",1.1,0.8,3.0642595020627,-0.9,102.7,7,3.27069572247742,4.1,1.81494073731177
"1998K4",1.6,1,3.18997852348158,-10.4,103.3,6.8,1.26349570058819,3.82142857142857,1.70245805255327
"1999K1",0.4,0.8,3.26210684994507,-4,103.9,6.7,1.38827083433304,3.27096774193548,1.45834545317243
"1999K2",0.6,0.7,3.33937711927391,6.5,104.8,5.6,3.2447266951614,2.9,2.41641495981266
"1999K3",1.5,1,3.36431767798235,-2.5,105.9,6.4,2.97394337017804,2.9,1.77455180931645
"1999K4",1.3,3.4,3.62213268566362,-14.1,107.8,6.5,-0.476528688469102,3.06953125,2.54201201812272
"2000K1",0,1.8,3.51791121404266,-2.3,108.2,6.6,3.13458464132701,3.546875,1.96335540330939
"2000K2",3,1.2,3.56649422637012,3.5,110,5.9,3.88549663037709,3.75,2.56104221142319
"2000K3",1,0.5,3.48744430200947,0.1,110.4,6.4,3.4285011768576,3.75,2.06015264740973
"2000K4",0.1,0,3.32895599121907,-10.2,111.2,6.5,-0.343692633406523,3.79365079365079,2.21807668250396
"2001K1",-0.1,0.3,2.93059807881875,-0.5,111,6.4,2.76976413774257,4,2.17030995706189
"2001K2",-0.4,-0.1,2.98322167403747,8.2,111.4,5.7,-0.46001974109986,4,2.12254323161982
"2001K3",0.9,0.3,2.76092473552305,3.1,111.7,6.3,1.68918079281264,4.16153846153846,2.80839553557346
"2001K4",0.4,-0.3,2.8431067733349,-4.1,112.2,6.3,-1.82040872055556,3.75,2.66218333284307
"2002K1",0.8,2,2.84061730381477,2.7,112,6.3,1.47327054140538,3.77822580645161,1.16729325557667
"2002K2",1.2,0.1,2.73517795265299,10.8,112.2,5.7,1.87626264004717,4.1625,2.00847942647631
"2002K3",-0.2,0.1,2.66274874524959,4,112.8,6.5,3.68579557660835,4.25,1.8729768307244
"2002K4",0.1,0.4,2.73928550346019,-4.1,113.9,6.4,-0.406650633040773,4.1008064516129,1.55709741873018
"2003K1",1.3,0.2,2.80674933147484,2.6,115.1,6.4,-0.441651023545742,3.71370967741935,0.261864956107871
"2003K2",-0.2,0.5,2.92995867560518,10.6,117,5.4,2.12293718873511,3.38983050847458,1.94961419248187
"2003K3",0.9,0.9,2.89859747472375,3.5,118.4,5.8,2.50652068838786,2.77272727272727,2.86105443704265
"2003K4",0.5,0.7,2.87871503454833,-5.7,121,6,0.484381593368965,2.75,2.61698332980238
"2004K1",1.7,1.4,2.9338804060135,1.2,122.8,5.9,2.2370380354956,2.60714285714286,0.42767294566417
"2004K2",0.7,-0.5,2.86356984633578,7.6,126.2,5.1,3.63990598101687,2.03333333333333,2.51085991539259
"2004K3",0.8,0.9,2.81018408570606,2.8,128.2,5.5,2.43905564451907,2,3.12587724545139
"2004K4",0.4,0.6,2.79712715616999,-5,131.2,5.6,0.765204621380633,2,3.0829320366303
"2005K1",0.4,1,2.88738044168023,2.1,132.8,5.6,0.896883502223389,2,0.998417960311571
"2005K2",0.9,0.6,2.99143606859606,9.5,134.4,4.7,3.03231620112463,1.95161290322581,3.11988157772607
"2005K3",1.4,1.8,3.06415548295361,-1.1,137.3,5.2,3.86599553527587,1.5,3.18122056283752
"2005K4",0.1,0,3.05809686792352,-5,139.6,5.1,1.46310018360953,1.5,2.89614540624203
"2006K1",1.9,0.3,3.21023178978886,3.6,140.6,5.2,3.49665676721624,1.77734375,1.45847017333551
"2006K2",1.7,1.3,3.01270619517197,13.1,141.8,4.6,1.87592569520465,2.02966101694915,3.68466882418872
"2006K3",0.9,0.6,3.09284334569371,1.4,143.4,5.6,2.9064966130723,2.31923076923077,2.31326130884533
"2006K4",0.9,1.4,3.12608561452791,-3.8,145.6,5.9,0.176826496576954,2.68650793650794,2.97002902059464
"2007K1",0.5,0.9,3.26602812287919,6.5,145.5,6.3,0.800832511857497,3.109375,0.625597637034403
"2007K2",1.2,1,3.27609185059979,18.2,145.1,5.4,4.15056582851996,3.26271186440678,2.95500184791084
"2007K3",0.3,1.9,3.21789836302874,2,146.2,6.8,4.14361192532811,3.55,2.58029736490162
"2007K4",1.1,0.6,2.97648605297671,-3.6,148.3,7.2,-1.47204927581193,3.91129032258065,3.11676391494302
"2008K1",-0.5,-0.7,2.94927727423227,5.4,149.5,7.4,-1.39956212515129,4.10887096774194,-0.227414491950917
"2008K2",-0.5,-0.3,2.83343277536549,21.1,150.2,6.2,-0.319163028977432,4.25,2.57037347672817
"2008K3",-0.9,-1,2.76634138705658,5.7,150.3,8.1,0.741119115229605,4.53409090909091,1.7185073666619
"2008K4",-4,-1,2.68575500444678,-0.7,151,8.2,-3.49466598926815,3.65322580645161,1.96329594772013
"2009K1",-1,1.1,2.69001840908777,8.7,151.2,6.2,-0.0224764078391004,1.51612903225806,-0.25506297335447
"2009K2",0.5,1.3,2.76430831153594,18.4,154.1,4.4,3.44813942144571,0.608333333333333,2.81294391941831
"2009K3",0,0.5,2.84576421038784,5.1,155.5,4.8,2.63204195063498,0.268939393939394,2.00438823362159
"2009K4",0.2,0.2,2.83418950437976,0.5,156.9,4.6,1.17590830925387,0.25,2.71603789177028
"2010K1",1.6,2.3,2.93368420619442,8.7,158,4.4,1.9338289958867,0.25,0.65049515536586
"2010K2",3.3,0.3,2.86448502780187,19.2,159.9,3.7,1.75351232306733,0.25,2.63859056130666
"2010K3",1.7,1.2,2.90965475381335,6.5,161.4,4.7,0.506538308470716,0.549242424242424,2.20964901857954
"2010K4",0.6,-0.1,2.9452063692279,1.6,162,5.2,-0.962468681805095,0.953125,2.04066899517414
"2011K1",0.7,0.8,2.94356645338397,8.8,161.9,5.9,-0.184539451149224,1.37698412698413,-0.0631576688567392
"2011K2",0.8,0.9,2.86852430479287,20.6,161.5,5.3,-0.575380414604787,1.68333333333333,1.79700328783063
"2011K3",1,-0.5,2.68274304600405,7.5,161.6,6.7,-0.293113071084772,1.98863636363636,1.1782401357749
"2011K4",-3.1,-0.2,2.71982993014248,1.7,162.2,6.9,-4.24360745921621,1.97265625,1.4730548991114
"2012K1",1.2,0.9,2.8383812870305,9.6,162.4,6.9,-0.190099324185855,1.640625,0.169511659449206
"2012K2",0.6,0.2,2.7955740082111,23.2,162,5.4,0.648502762259895,1.5,0.894611460809713
"2012K3",0.7,0.7,2.81256302056376,8.9,162.1,6.4,1.87484194929066,1.45,1.07186343453129
"2012K4",-1.4,0.1,2.77146881460588,4.3,161.7,6.1,-0.151755564752154,1.22983870967742,1.28839130364469
"2013K1",0.8,0.4,2.89017629336412,12.7,161.4,5.8,0.316506376611514,1,0.244196663113527
"2013K2",0.4,0.3,2.88428699453455,22,163.3,4.8,1.20560812897841,1,1.30378073670467
"2013K3",0.9,1.1,2.93884288203438,9,164,5.6,1.46466322795327,1,0.981499724707469
"2013K4",0.6,0.4,2.96504382289781,4,164.6,5.5,0.769618932242722,0.975806451612903,1.42392196808245
"2014K1",0.5,0.5,3.03352785230947,13,165.5,5.5,2.32506000162234,0.75,0.686269786847937
"2014K2",0.6,1.3,3.12844991488582,23.5,165.6,4.4,1.80600906786204,0.75,1.63717146169109
"2014K3",0.8,0.3,3.1661183170357,9.7,166.6,5.2,3.22872184514296,0.295454545454545,1.19483602034887
"2014K4",0.2,1.3,3.2193402013631,4.7,168.2,4.9,1.07725104681018,0.0806451612903226,1.73490617810526
"2015K1",1.2,1.2,3.40208420082954,10,169.4,4.7,2.62240841171799,-0.0604838709677419,1.29514339226162
"2015K2",2.5,0.9,3.3252730158097,22.6,170.3,3.5,3.22560065079491,-0.25,2.03936158002769
"2015K3",-0.1,0.8,3.25124030842467,6.2,172.4,4.2,3.55485161425246,-0.342424242424242,1.54268368271318
"2015K4",1,1,3.27731365527292,1,174.6,4.1,2.3096212842713,-0.35,1.93551005572754
"2016K1",-0.5,0,3.22697110081505,11.9,176,4,0.215587348478952,-0.423770491803279,2.18177210277997
"2016K2",1.1,0.1,3.18043653912168,23.2,178,3.2,1.58989180130638,-0.5,2.1719432089256
"2016K3",0.3,0.9,3.28321734912766,6.4,179.4,4.1,3.05662784079956,-0.5,1.39752978328982
"2016K4",0.6,0.8,3.31079776805912,3.4,180.5,4,-0.190963889308282,-0.5,1.62494922151488
"2017K1",0.8,1.5,3.4015705516155,7.3,182.9,4,1.92411835359056,-0.5,1.43721449131355
"2017K2",0.2,-0.5,3.37315156511564,24.2,183.3,3.1,2.3155134572268,-0.5,1.99665146621779
"2017K3",0.3,0.3,3.36014076526896,6.3,184.6,4,1.52586073601144,-0.5,1.5954426159734
"2017K4",0.6,0.9,3.28724472947926,3.5,184.6,3.9,-0.222320665487441,-0.5,1.34854413669476
"2018K1",0.5,0.7,3.27932858120684,13.4,183,3.8,-0.949536267579099,-0.5,1.27989860019291
"2018K2",0.6,0.8,3.32166674212823,19.9,186.9,3.3,-2.23518795515227,-0.5,1.4359946793757
"2018K3",-0.2,-0.5,3.37186130926559,8.3,186.5,3.8,-0.240811563910537,-0.5,1.03025619374026
"2018K4",1.3,0.7,3.14356442059107,6.5,186.6,3.7,-0.320470143043217,-0.5,1.58672505284176
"2019K1",0.3,-0.6,3.31044469268913,15.7,186.6,3.8,0.423017266811954,-0.26984126984127,0.984170418676555
"2019K2",1.3,0.5,3.36859256806041,22.8,186.8,3.4,0.0695538011179053,-0.25,1.41253571366899
"2019K3",-0.3,1.2,3.40000949246722,9.1,186.9,4,1.76820861192093,-0.25,1.0144721196097
"2019K4",1.7,0.1,3.48136679825772,9.1,187.4,3.9,-0.140204165618307,-0.25,1.35427559499099
"2020K1",0,0.8,3.26828141012042,13.4,188.2,4,2.00313678165172,-0.0119047619047619,1.25503595883849
"2020K2",-8.8,-9.8,3.41081166955759,22.4,193.6,3.8,1.73813862406424,0,2.11736935288709
"2020K3",6,6.3,3.54362421958747,11.7,195.6,4.2,1.91168963616057,0,0.96098429127256
"2020K4",1.4,-0.3,3.61142776620076,11.9,197.5,4,3.79743652191973,0,1.48667576343655
"2021K1",2.6,2.1,3.7543488000142,20.9,197.4,3.8,3.23973827288953,0,1.38196657520204
"2021K2",0.4,1.3,3.81689108489976,21.5,196.7,3.4,5.14901644421704,0,1.8075426819772
"2021K3",-0.2,3.9,3.78544430886176,8.7,197.3,3.9,4.24123175540716,0,1.58292715875206
"2021K4",2.1,0.9,3.91282572804956,7.7,198,3.7,-1.2449007869936,0,1.81431447551912
"2022K1",-0.6,-0.4,3.72636784262248,18.1,196.8,3.3,-0.730374691098046,0,1.39997202052573
"2022K2",1.1,1.5,3.40722691349895,19,194.4,3.2,-0.824438097026281,0.1625,1.43409617461661
"2022K3",-0.5,-1.3,3.326911388754,5.7,192.8,4.5,-3.86169526799618,0.848484848484849,0.539852309125699
"2022K4",-1.1,-0.7,3.39017285735939,7.8,189.1,5.2,-9.31628448098101,2.0078125,0.51986393915282
"2023K1",1.2,-1.3,3.5302515508367,17.8,186.4,5.6,-6.17553453844231,2.7578125,0.0903870911463045
"2023K2",-1,0.4,3.58899254524998,21.2,184,5.7,-3.27885521048552,3.33898305084746,0.350044179489117
"2023K3",1.5,0,3.49922175788768,9.1,181.3,7.2,-0.430244904417965,3.75384615384615,0.122392296007234
"2023K4",-1.6,0.9,3.59468851997518,8.9,179.9,7.5,-2.14814463961357,4,0.183554811216524
"2024K1",3,0.2,3.82145889895964,19.1,178.4,7.7,-1.63100599050354,4,-0.0283565308169642
"2024K2",-1.3,0,3.89687934865761,23.8,176.5,6.9,0.656591958094133,3.87083333333333,0.38937681095792
"2024K3",0.8,0.5,3.95096793243145,10.2,175.5,7.9,2.49287618461755,3.64015151515152,0.179686196298512
"2024K4",1.2,0.8,3.93930886581859,10.9,174.4,7,-0.991892100574265,3.00403225806452,0.715894410693707
"2025K1",-0.5,0.4,3.87556941390635,15.9,174.1,6.2,0.0896757176664487,2.35483870967742,0.195743375820712
"2025K2",1.1,0.2,3.98523014370236,21.7,173.9,5.3,0.684412284459768,2.23305084745763,0.760391966868745
"2025K3",0.4,1,4.0262879969142,7.1,173.2,5.9,0.348436312971145,2,0.495444053996508
"2025K4",0.8,0.6,4.07043515134767,8,172.7,5.5,-1.08254885505312,1.75,0.818600568959305
