month,"CPI, Fixed Index numbers","CPI, Shadow Index numbers",Annual changes,Monthly changes,Year-to-month-index
1980M01,95.3,95.3,12.7,3.3,NA
1980M02,96.8,96.75,13.5,1.5,NA
1980M03,97.2,97.24,13.5,0.5,NA
1980M04,97.9,97.9,13.6,0.7,NA
1980M05,98.2,98.21,13.3,0.3,NA
1980M06,98.5,98.47,13.1,0.3,NA
1980M07,99.3,99.3,13.2,0.8,NA
1980M08,99.9,99.86,12.3,0.6,NA
1980M09,102.7,102.7,15,2.8,NA
1980M10,104.2,104.16,15.5,1.4,NA
1980M11,104.8,104.8,14.6,0.6,NA
1980M12,105.2,105.25,14.1,0.4,NA
1981M01,107.2,107.21,12.5,1.9,NA
1981M02,109.3,109.25,12.9,1.9,NA
1981M03,109.8,109.84,13,0.5,NA
1981M04,110.5,110.5,12.9,0.6,NA
1981M05,111.2,111.17,13.2,0.6,NA
1981M06,111.6,111.58,13.3,0.4,NA
1981M07,112.6,112.6,13.4,0.9,NA
1981M08,113.5,113.45,13.6,0.8,NA
1981M09,114.3,114.27,11.3,0.7,NA
1981M10,115,115.01,10.4,0.6,NA
1981M11,115.4,115.44,10.2,0.4,NA
1981M12,114.9,114.86,9.1,-0.5,NA
1982M01,117.4,117.38,9.5,2.2,NA
1982M02,119,119.04,9,1.4,NA
1982M03,119.3,119.34,8.6,0.3,NA
1982M04,120.1,120.14,8.7,0.7,NA
1982M05,120.7,120.65,8.5,0.4,NA
1982M06,121.1,121.06,8.5,0.3,NA
1982M07,121.9,121.9,8.3,0.7,NA
1982M08,122.2,122.22,7.7,0.3,NA
1982M09,122.9,122.88,7.5,0.5,NA
1982M10,124.6,124.59,8.3,1.4,NA
1982M11,125.6,125.58,8.8,0.8,NA
1982M12,125.9,125.94,9.6,0.3,NA
1983M01,129.1,128.72,9.7,2.2,NA
1983M02,128.8,128.77,8.2,0,NA
1983M03,129.3,129.25,8.3,0.4,NA
1983M04,130.3,130.27,8.4,0.8,NA
1983M05,131.1,131.09,8.7,0.6,NA
1983M06,131.8,131.8,8.9,0.5,NA
1983M07,132.9,132.85,9,0.8,NA
1983M08,133.5,133.53,9.3,0.5,NA
1983M09,134.5,134.5,9.5,0.7,NA
1983M10,135.6,135.6,8.8,0.8,NA
1983M11,136.4,136.42,8.6,0.6,NA
1983M12,137.5,137.53,9.2,0.8,NA
1984M01,139.4,139.43,8.3,1.4,NA
1984M02,138.9,138.86,7.8,-0.4,NA
1984M03,140.9,140.86,9,1.4,NA
1984M04,141.8,141.77,8.8,0.6,NA
1984M05,142.8,142.77,8.9,0.7,NA
1984M06,142.4,142.43,8.1,-0.2,NA
1984M07,142.8,142.8,7.5,0.3,NA
1984M08,143.9,143.87,7.7,0.7,NA
1984M09,144.8,144.8,7.7,0.6,NA
1984M10,145.5,145.51,7.3,0.5,NA
1984M11,146.4,146.41,7.3,0.6,NA
1984M12,148.8,148.75,8.2,1.6,NA
1985M01,149.6,149.63,7.3,0.6,NA
1985M02,151,150.95,8.7,0.9,NA
1985M03,152.1,152.11,8,0.8,NA
1985M04,152.7,152.72,7.7,0.4,NA
1985M05,154.5,154.45,8.2,1.1,NA
1985M06,153.9,153.94,8.1,-0.3,NA
1985M07,153.8,153.84,7.7,-0.1,NA
1985M08,153.8,153.78,6.9,0,NA
1985M09,154.5,154.46,6.7,0.4,NA
1985M10,155.5,155.46,6.8,0.6,NA
1985M11,156.5,156.48,6.9,0.7,NA
1985M12,157.1,157.12,5.6,0.4,NA
1986M01,158.9,158.89,6.2,1.1,NA
1986M02,159,158.99,5.3,0.1,NA
1986M03,158.7,158.72,4.3,-0.2,NA
1986M04,159.7,159.69,4.6,0.6,NA
1986M05,159.7,159.68,3.4,0,NA
1986M06,159.7,159.69,3.7,0,NA
1986M07,160.1,160.06,4,0.2,NA
1986M08,159.9,159.85,3.9,-0.1,NA
1986M09,161.3,161.33,4.4,0.9,NA
1986M10,161.9,161.91,4.1,0.4,NA
1986M11,161.9,161.94,3.5,0,NA
1986M12,162.3,162.34,3.3,0.2,NA
1987M01,164.4,163.83,3.1,0.9,NA
1987M02,164.4,164.35,3.4,0.3,NA
1987M03,164.7,164.68,3.8,0.2,NA
1987M04,165.1,165.11,3.4,0.3,NA
1987M05,165.2,165.24,3.5,0.1,NA
1987M06,164.9,164.94,3.3,-0.2,NA
1987M07,166.9,166.92,4.3,1.2,NA
1987M08,167.8,167.78,5,0.5,NA
1987M09,169.4,169.35,5,0.9,NA
1987M10,170.1,170.13,5.1,0.5,NA
1987M11,170.7,170.65,5.4,0.3,NA
1987M12,170.7,170.66,5.1,0,NA
1988M01,171.6,171.59,4.7,0.5,NA
1988M02,172.9,172.87,5.2,0.7,NA
1988M03,173.7,173.65,5.4,0.5,NA
1988M04,175.2,175.2,6.1,0.9,NA
1988M05,175.8,175.83,6.4,0.4,NA
1988M06,176.3,176.26,6.9,0.2,NA
1988M07,177.1,177.11,6.1,0.5,NA
1988M08,177.5,177.46,5.8,0.2,NA
1988M09,178.8,178.81,5.6,0.8,NA
1988M10,180.2,180.21,5.9,0.8,NA
1988M11,180.5,180.49,5.8,0.2,NA
1988M12,180.9,180.87,6,0.2,NA
1989M01,183,182.97,6.6,1.2,NA
1989M02,184,184,6.4,0.6,NA
1989M03,184.7,184.75,6.4,0.4,NA
1989M04,186.5,186.46,6.4,0.9,NA
1989M05,187.3,187.26,6.5,0.4,NA
1989M06,187.9,187.87,6.6,0.3,NA
1989M07,187.9,187.94,6.1,0,NA
1989M08,188.7,188.68,6.3,0.4,NA
1989M09,190.2,190.2,6.4,0.8,NA
1989M10,191.8,191.85,6.5,0.9,NA
1989M11,192.2,192.15,6.5,0.2,NA
1989M12,192.8,192.84,6.6,0.4,NA
1990M01,199,198.34,8.4,2.9,NA
1990M02,199.9,199,8.2,0.3,NA
1990M03,205.4,204.47,10.7,2.7,NA
1990M04,205.2,205.21,10.1,0.4,NA
1990M05,206.4,206.38,10.2,0.6,NA
1990M06,206.2,206.25,9.8,-0.1,NA
1990M07,208.2,208.21,10.8,1,NA
1990M08,209.6,209.64,11.1,0.7,NA
1990M09,212,212.03,11.5,1.1,NA
1990M10,213.4,213.42,11.2,0.7,NA
1990M11,214.1,214.13,11.4,0.3,NA
1990M12,213.9,213.86,10.9,-0.1,NA
1991M01,218.9,218.95,10.4,2.4,NA
1991M02,225,225.03,13.1,2.8,NA
1991M03,225.8,225.84,10.5,0.4,NA
1991M04,227.1,227.08,10.7,0.5,NA
1991M05,227.3,227.31,10.1,0.1,NA
1991M06,227,227.01,10.1,-0.1,NA
1991M07,227.1,227.06,9.1,0,NA
1991M08,226.7,226.74,8.2,-0.1,NA
1991M09,229.2,229.21,8.1,1.1,NA
1991M10,230.1,230.07,7.8,0.4,NA
1991M11,231.1,231.11,7.9,0.5,NA
1991M12,230.8,230.79,7.9,-0.1,NA
1992M01,230.2,230.4,5.2,-0.2,NA
1992M02,230.3,230.5,2.4,0,NA
1992M03,231.3,231.58,2.5,0.5,NA
1992M04,231.9,232.11,2.2,0.2,NA
1992M05,232,232.27,2.2,0.1,NA
1992M06,231.5,231.67,2.1,-0.3,NA
1992M07,231.2,231.37,1.9,-0.1,NA
1992M08,231.3,231.53,2.1,0.1,NA
1992M09,234.6,234.9,2.5,1.5,NA
1992M10,235.1,235.34,2.3,0.2,NA
1992M11,234,234.18,1.3,-0.5,NA
1992M12,234.9,235.08,1.9,0.4,NA
1993M01,241,241.46,4.8,2.7,NA
1993M02,241.6,242.14,5,0.3,NA
1993M03,242.7,243.17,5,0.4,NA
1993M04,243.7,244.19,5.2,0.4,NA
1993M05,243.1,243.62,4.9,-0.2,NA
1993M06,242.3,242.82,4.8,-0.3,NA
1993M07,241.9,242.35,4.7,-0.2,NA
1993M08,242.3,242.61,4.8,0.1,NA
1993M09,244.5,244.77,4.2,0.9,NA
1993M10,245.2,245.5,4.3,0.3,NA
1993M11,245.3,245.6,4.9,0,NA
1993M12,244.3,244.66,4.1,-0.4,NA
1994M01,245.1,245.42,1.6,0.3,NA
1994M02,245.9,246.18,1.7,0.3,NA
1994M03,246.8,247.09,1.6,0.4,NA
1994M04,247.8,248.09,1.6,0.4,NA
1994M05,248.3,248.65,2.1,0.2,NA
1994M06,248.4,248.7,2.4,0,NA
1994M07,248.4,248.75,2.6,0,NA
1994M08,248.5,248.82,2.6,0,NA
1994M09,250.7,251.07,2.6,0.9,NA
1994M10,251,251.34,2.4,0.1,NA
1994M11,250.8,251.16,2.3,-0.1,NA
1994M12,250.4,250.7,2.5,-0.2,NA
1995M01,251.3,251.64,2.5,0.4,NA
1995M02,252.3,252.54,2.6,0.4,NA
1995M03,253.3,253.54,2.6,0.4,NA
1995M04,255,255.21,2.9,0.7,NA
1995M05,255.3,255.49,2.8,0.1,NA
1995M06,255.1,255.21,2.6,-0.1,NA
1995M07,254.8,254.96,2.5,-0.1,NA
1995M08,254.5,254.64,2.3,-0.1,NA
1995M09,256.2,256.34,2.1,0.7,NA
1995M10,256.9,256.91,2.2,0.2,NA
1995M11,256.8,256.81,2.2,0,NA
1995M12,256,255.99,2.1,-0.3,NA
1996M01,255.6,255.62,1.6,-0.1,NA
1996M02,255.8,255.92,1.3,0.1,NA
1996M03,257,257.1,1.4,0.5,NA
1996M04,257.6,257.81,1,0.3,NA
1996M05,257.3,257.53,0.8,-0.1,NA
1996M06,256.3,256.61,0.5,-0.4,NA
1996M07,255.7,256.02,0.4,-0.2,NA
1996M08,254.5,254.85,0.1,-0.5,NA
1996M09,256,256.31,0,0.6,NA
1996M10,255.9,256.41,-0.2,0,NA
1996M11,255.3,255.9,-0.4,-0.2,NA
1996M12,254.9,255.51,-0.2,-0.2,NA
1997M01,254.6,255.46,-0.1,0,NA
1997M02,254.2,255.36,-0.2,0,NA
1997M03,255.2,256.4,-0.3,0.4,NA
1997M04,257,257.68,-0.1,0.5,NA
1997M05,257,257.7,0.1,0,NA
1997M06,257.4,258.04,0.6,0.1,NA
1997M07,257.3,257.55,0.6,-0.2,NA
1997M08,257.4,257.7,1.1,0.1,NA
1997M09,259.8,260.1,1.5,0.9,NA
1997M10,259.6,260.28,1.5,0.1,NA
1997M11,259.2,259.85,1.5,-0.2,NA
1997M12,259.1,259.72,1.6,-0.1,NA
1998M01,256.9,257.24,0.7,-1,NA
1998M02,256.6,256.9,0.6,-0.1,NA
1998M03,257,257.29,0.3,0.2,NA
1998M04,257.7,258.04,0.1,0.3,NA
1998M05,258.1,258.48,0.3,0.2,NA
1998M06,257.6,257.94,0,-0.2,NA
1998M07,257,257.37,-0.1,-0.2,NA
1998M08,255.7,256.05,-0.6,-0.5,NA
1998M09,256.8,257.08,-1.2,0.4,NA
1998M10,257.3,257.63,-1,0.2,NA
1998M11,256.7,256.98,-1.1,-0.3,NA
1998M12,256.2,256.57,-1.2,-0.2,NA
1999M01,256.2,256.67,-0.2,0,NA
1999M02,256.3,256.65,-0.1,0,NA
1999M03,257.3,257.62,0.1,0.4,NA
1999M04,257.9,258.19,0.1,0.2,NA
1999M05,258.3,258.68,0.1,0.2,NA
1999M06,258.7,259.06,0.4,0.1,NA
1999M07,257.6,257.93,0.2,-0.4,NA
1999M08,257.6,257.93,0.7,0,NA
1999M09,259.4,259.76,1,0.7,NA
1999M10,259.7,260.06,0.9,0.1,NA
1999M11,259,259.35,0.9,-0.3,NA
1999M12,259.6,259.94,1.3,0.2,NA
2000M01,257.5,257.82,0.4,-0.8,NA
2000M02,258.7,259.04,0.9,0.5,NA
2000M03,259.9,260.28,1,0.5,NA
2000M04,260,260.05,0.7,-0.1,NA
2000M05,261.3,261.29,1,0.5,NA
2000M06,261.2,261.24,0.8,0,NA
2000M07,260,260,0.8,-0.5,NA
2000M08,260.2,260.18,0.9,0.1,NA
2000M09,262,262.02,0.9,0.7,NA
2000M10,262.6,262.59,1,0.2,NA
2000M11,262.7,262.74,1.3,0.1,NA
2000M12,262.5,262.48,1,-0.1,NA
2001M01,261.7,261.7,1.5,-0.3,NA
2001M02,262.6,262.65,1.4,0.4,NA
2001M03,264.6,264.59,1.7,0.7,NA
2001M04,266.9,266.89,2.6,0.9,NA
2001M05,268.7,268.7,2.8,0.7,NA
2001M06,268.3,268.31,2.7,-0.1,NA
2001M07,266.9,266.94,2.7,-0.5,NA
2001M08,267.6,267.6,2.9,0.2,NA
2001M09,269.9,269.85,3,0.8,NA
2001M10,269.1,269.12,2.5,-0.3,NA
2001M11,269.2,269.22,2.5,0,NA
2001M12,269.5,269.46,2.7,0.1,NA
2002M01,268.8,268.8,2.7,-0.2,NA
2002M02,269.4,269.45,2.6,0.2,NA
2002M03,271.8,271.76,2.7,0.9,NA
2002M04,272.9,272.94,2.3,0.4,NA
2002M05,273.6,273.64,1.8,0.3,NA
2002M06,273.2,273.24,1.8,-0.1,NA
2002M07,272.3,272.27,2,-0.4,NA
2002M08,272.4,272.43,1.8,0.1,NA
2002M09,274.5,274.5,1.7,0.8,NA
2002M10,275.4,275.39,2.3,0.3,NA
2002M11,274.7,274.72,2,-0.2,NA
2002M12,275.1,275.07,2.1,0.1,NA
2003M01,276,275.96,2.7,0.3,NA
2003M02,278.4,278.4,3.3,0.9,NA
2003M03,279.8,279.83,3,0.5,NA
2003M04,278.8,278.84,2.2,-0.4,NA
2003M05,278.5,278.51,1.8,-0.1,NA
2003M06,277.7,277.74,1.6,-0.3,NA
2003M07,276.8,276.78,1.7,-0.3,NA
2003M08,276.7,276.7,1.6,0,NA
2003M09,278.7,278.71,1.5,0.7,NA
2003M10,278.9,278.9,1.3,0.1,NA
2003M11,278.3,278.32,1.3,-0.2,NA
2003M12,278.6,278.57,1.3,0.1,NA
2004M01,278,277.96,0.7,-0.2,NA
2004M02,277.3,277.29,-0.4,-0.2,NA
2004M03,279.4,279.38,-0.2,0.8,NA
2004M04,279.4,279.44,0.2,0,NA
2004M05,280.1,280.13,0.6,0.2,NA
2004M06,278.9,278.91,0.4,-0.4,NA
2004M07,278.5,278.49,0.6,-0.2,NA
2004M08,278.2,278.16,0.5,-0.1,NA
2004M09,280.2,280.19,0.5,0.7,NA
2004M10,281,281.02,0.8,0.3,NA
2004M11,279.4,279.41,0.4,-0.6,NA
2004M12,279.4,279.35,0.3,0,NA
2005M01,277.9,277.89,0,-0.5,100.07
2005M02,279.2,279.2,0.7,0.5,100.54
2005M03,279.8,279.75,0.1,0.2,100.74
2005M04,280.2,280.16,0.3,0.1,100.89
2005M05,280.3,280.35,0.1,0.1,100.95
2005M06,280.4,280.45,0.6,0,100.99
2005M07,279.4,279.41,0.3,-0.4,100.61
2005M08,279.9,279.95,0.6,0.2,100.81
2005M09,281.9,281.87,0.6,0.7,101.5
2005M10,282.4,282.37,0.5,0.2,101.68
2005M11,281.7,281.69,0.8,-0.2,101.44
2005M12,281.8,281.82,0.9,0,101.48
2006M01,279.59,279.59,0.6,-0.8,100.32
2006M02,280.9,280.9,0.6,0.5,100.79
2006M03,282.89,282.89,1.1,0.7,101.51
2006M04,284.32,284.32,1.5,0.5,102.02
2006M05,284.76,284.76,1.6,0.2,102.18
2006M06,284.68,284.68,1.5,0,102.15
2006M07,284.19,284.19,1.7,-0.2,101.97
2006M08,284.38,284.38,1.6,0.1,102.04
2006M09,286.04,286.04,1.5,0.6,102.64
2006M10,286.07,286.07,1.3,0,102.65
2006M11,286.43,286.43,1.7,0.1,102.78
2006M12,286.43,286.43,1.6,0,102.78
2007M01,285.01,285.01,1.9,-0.5,101.91
2007M02,286.45,286.45,2,0.5,102.43
2007M03,288.33,288.33,1.9,0.7,103.1
2007M04,289.79,289.79,1.9,0.5,103.62
2007M05,289.48,289.48,1.7,-0.1,103.51
2007M06,289.95,289.95,1.9,0.2,103.68
2007M07,289.49,289.49,1.9,-0.2,103.52
2007M08,289.41,289.41,1.8,0,103.49
2007M09,292.3,292.3,2.2,1,104.52
2007M10,293.85,293.85,2.7,0.5,105.08
2007M11,295.75,295.75,3.3,0.6,105.75
2007M12,296.32,296.32,3.5,0.2,105.96
2008M01,294.09,294.12,3.2,-0.7,103.92
2008M02,295.28,295.34,3.1,0.4,104.35
2008M03,298.08,298.16,3.4,1,105.34
2008M04,299.67,299.47,3.3,0.4,105.8
2008M05,300.99,300.65,3.9,0.4,106.22
2008M06,302.45,302.08,4.2,0.5,106.73
2008M07,302.11,301.46,4.1,-0.2,106.51
2008M08,301.98,301.98,4.3,0.2,106.69
2008M09,305.08,305.08,4.4,1,107.79
2008M10,305.56,305.56,4,0.2,107.96
2008M11,303.06,303.06,2.5,-0.8,107.07
2008M12,298.99,298.99,0.9,-1.3,105.63
2009M01,297.88,297.88,1.3,-0.4,103.09
2009M02,297.95,297.95,0.9,0,103.11
2009M03,298.8,298.8,0.2,0.3,103.41
2009M04,299.26,299.26,-0.1,0.2,103.56
2009M05,299.45,298.49,-0.7,-0.3,103.3
2009M06,300.17,299.21,-1,0.2,103.55
2009M07,298.8,297.83,-1.2,-0.5,103.07
2009M08,299.42,298.45,-1.2,0.2,103.28
2009M09,300.35,299.37,-1.9,0.3,103.6
2009M10,301.11,300.12,-1.8,0.3,103.86
2009M11,301.03,300.05,-1,0,103.84
2009M12,301.69,300.71,0.6,0.2,104.07
2010M01,299.79,298.81,0.3,-0.6,99.8
2010M02,301.59,300.61,0.9,0.6,100.4
2010M03,302.32,301.33,0.8,0.2,100.64
2010M04,302.36,301.37,0.7,0,100.66
2010M05,302.92,301.93,1.2,0.2,100.84
2010M06,302.97,301.98,0.9,0,100.86
2010M07,302.04,301.05,1.1,-0.3,100.55
2010M08,302.06,301.07,0.9,0,100.56
2010M09,304.6,303.61,1.4,0.8,101.4
2010M10,305.57,304.58,1.5,0.3,101.72
2010M11,306.58,305.59,1.8,0.3,102.06
2010M12,308.73,307.74,2.3,0.7,102.78
2011M01,306.15,306.15,2.5,-0.5,102.9
2011M02,308.02,308.02,2.5,0.6,103.53
2011M03,310.11,310.11,2.9,0.7,104.23
2011M04,311.44,311.44,3.3,0.4,104.67
2011M05,312.02,312.02,3.3,0.2,104.87
2011M06,311.28,311.28,3.1,-0.2,104.62
2011M07,311.13,311.13,3.3,0,104.57
2011M08,311.23,311.23,3.4,0,104.6
2011M09,313.41,313.41,3.2,0.7,105.33
2011M10,313.42,313.42,2.9,0,105.34
2011M11,314.16,314.16,2.8,0.2,105.59
2011M12,314.78,314.78,2.3,0.2,105.8
2012M01,311.85,311.85,1.9,-0.9,103.33
2012M02,313.92,313.92,1.9,0.7,104.02
2012M03,314.8,314.8,1.5,0.3,104.31
2012M04,315.49,315.49,1.3,0.2,104.54
2012M05,315.23,315.23,1,-0.1,104.45
2012M06,314.45,314.45,1,-0.2,104.19
2012M07,313.23,313.23,0.7,-0.4,103.79
2012M08,313.55,313.55,0.7,0.1,103.89
2012M09,314.81,314.81,0.4,0.4,104.31
2012M10,314.59,314.59,0.4,-0.1,104.24
2012M11,313.82,313.82,-0.1,-0.2,103.98
2012M12,314.61,314.61,-0.1,0.3,104.25
2013M01,312,312,0,-0.8,100.61
2013M02,313.39,313.39,-0.2,0.4,101.06
2013M03,314.65,314.65,0,0.4,101.46
2013M04,314.03,314.03,-0.5,-0.2,101.26
2013M05,314.54,314.54,-0.2,0.2,101.43
2013M06,313.99,313.99,-0.1,-0.2,101.25
2013M07,313.55,313.55,0.1,-0.1,101.11
2013M08,313.84,313.84,0.1,0.1,101.2
2013M09,315.05,315.05,0.1,0.4,101.59
2013M10,314.4,314.4,-0.1,-0.2,101.38
2013M11,314.2,314.2,0.1,-0.1,101.32
2013M12,315.04,315.04,0.1,0.3,101.59
2014M01,311.39,311.39,-0.2,-1.2,99.1
2014M02,312.7,312.7,-0.2,0.4,99.51
2014M03,312.68,312.68,-0.6,0,99.51
2014M04,313.89,313.89,0,0.4,99.89
2014M05,314.05,314.05,-0.2,0.1,99.94
2014M06,314.7,314.7,0.2,0.2,100.15
2014M07,313.67,313.67,0,-0.3,99.82
2014M08,313.35,313.35,-0.2,-0.1,99.72
2014M09,313.85,313.85,-0.4,0.2,99.88
2014M10,314.02,314.02,-0.1,0.1,99.93
2014M11,313.56,313.56,-0.2,-0.1,99.79
2014M12,314.05,314.05,-0.3,0.2,99.94
2015M01,310.75,310.75,-0.2,-1.1,99.02
2015M02,312.93,312.93,0.1,0.7,99.72
2015M03,313.19,313.19,0.2,0.1,99.8
2015M04,313.16,313.16,-0.2,0,99.79
2015M05,314.24,314.24,0.1,0.3,100.13
2015M06,313.33,313.33,-0.4,-0.3,99.84
2015M07,313.43,313.43,-0.1,0,99.87
2015M08,312.81,312.81,-0.2,-0.2,99.68
2015M09,314.06,314.06,0.1,0.4,100.07
2015M10,314.29,314.29,0.1,0.1,100.15
2015M11,313.75,313.75,0.1,-0.2,99.98
2015M12,314.21,314.21,0.1,0.1,100.12
2016M01,313.13,313.13,0.8,-0.3,99.95
2016M02,314.14,314.14,0.4,0.3,100.27
2016M03,315.7,315.7,0.8,0.5,100.77
2016M04,315.64,315.64,0.8,0,100.75
2016M05,316.21,316.21,0.6,0.2,100.93
2016M06,316.54,316.54,1,0.1,101.04
2016M07,316.73,316.73,1.1,0.1,101.1
2016M08,316.38,316.38,1.1,-0.1,100.99
2016M09,316.91,316.91,0.9,0.2,101.16
2016M10,318,318,1.2,0.3,101.5
2016M11,318.1,318.1,1.4,0,101.54
2016M12,319.68,319.68,1.7,0.5,102.04
2017M01,317.5,317.5,1.4,-0.7,101.45
2017M02,319.73,319.73,1.8,0.7,102.16
2017M03,319.68,319.68,1.3,0,102.14
2017M04,321.54,321.54,1.9,0.6,102.74
2017M05,321.74,321.74,1.7,0.1,102.8
2017M06,321.97,321.97,1.7,0.1,102.88
2017M07,323.69,323.69,2.2,0.5,103.42
2017M08,323.18,323.18,2.1,-0.2,103.26
2017M09,323.62,323.62,2.1,0.1,103.4
2017M10,323.38,323.38,1.7,-0.1,103.32
2017M11,324.04,324.04,1.9,0.2,103.53
2017M12,325.23,325.23,1.7,0.4,103.92
2018M01,322.51,322.51,1.6,-0.8,102.12
2018M02,324.87,324.87,1.6,0.7,102.87
2018M03,325.76,325.76,1.9,0.3,103.15
2018M04,327.1,327.1,1.7,0.4,103.58
2018M05,327.86,327.86,1.9,0.2,103.81
2018M06,328.62,328.62,2.1,0.2,104.05
2018M07,330.33,330.33,2.1,0.5,104.6
2018M08,329.63,329.63,2,-0.2,104.38
2018M09,331.14,331.14,2.3,0.5,104.85
2018M10,330.72,330.72,2.3,-0.1,104.72
2018M11,330.4,330.4,2,-0.1,104.62
2018M12,331.87,331.87,2,0.4,105.08
2019M01,328.56,328.56,1.9,-1,102.2
2019M02,331.02,331.02,1.9,0.7,102.96
2019M03,331.79,331.79,1.9,0.2,103.2
2019M04,334.11,334.11,2.1,0.7,103.92
2019M05,334.95,334.95,2.2,0.3,104.18
2019M06,334.47,334.47,1.8,-0.1,104.03
2019M07,335.8,335.8,1.7,0.4,104.45
2019M08,334.39,334.39,1.4,-0.4,104.01
2019M09,335.95,335.95,1.5,0.5,104.49
2019M10,336.04,336.04,1.6,0,104.52
2019M11,336.36,336.36,1.8,0.1,104.62
2019M12,337.68,337.68,1.8,0.4,105.03
2020M01,332.82,332.82,1.3,-1.4,101.58
2020M02,334.47,334.47,1,0.5,102.09
2020M03,333.91,333.91,0.6,-0.2,101.91
2020M04,332.9,332.9,-0.4,-0.3,101.61
2020M05,334.91,334.91,0,0.6,102.22
2020M06,336.84,336.84,0.7,0.6,102.81
2020M07,337.57,337.57,0.5,0.2,103.03
2020M08,337.07,337.07,0.8,-0.1,102.88
2020M09,337.27,337.27,0.4,0.1,102.94
2020M10,336.97,336.97,0.3,-0.1,102.85
2020M11,337,337,0.2,0,102.86
2020M12,339.34,339.34,0.5,0.7,103.57
2021M01,338.09,338.09,1.6,-0.4,101.41
2021M02,339.01,339.01,1.4,0.3,101.69
2021M03,339.54,339.54,1.7,0.2,101.85
2021M04,340.37,340.37,2.2,0.2,102.09
2021M05,341.04,341.04,1.8,0.2,102.3
2021M06,341.32,341.32,1.3,0.1,102.38
2021M07,342.23,342.23,1.4,0.3,102.65
2021M08,343.99,343.99,2.1,0.5,103.18
2021M09,345.74,345.74,2.5,0.5,103.71
2021M10,346.44,346.44,2.8,0.2,103.92
2021M11,348.03,348.03,3.3,0.5,104.39
2021M12,352.47,352.47,3.9,1.3,105.73
2022M01,350.56,350.56,3.7,-0.5,104.32
2022M02,353.56,353.56,4.3,0.9,105.22
2022M03,359.8,359.8,6,1.8,107.07
2022M04,362.02,362.02,6.4,0.6,107.73
2022M05,365.82,365.82,7.3,1,108.87
2022M06,370.95,370.95,8.7,1.4,110.39
2022M07,371.28,371.28,8.5,0.1,110.49
2022M08,377.81,377.81,9.8,1.8,112.43
2022M09,383.21,383.21,10.8,1.4,114.04
2022M10,384.04,384.04,10.9,0.2,114.29
2022M11,387.93,387.93,11.5,1,115.44
2022M12,395.96,395.96,12.3,2.1,117.84
2023M01,391.5,391.5,11.7,-1.1,113.96
2023M02,395.82,395.82,12,1.1,115.22
2023M03,398.08,398.08,10.6,0.6,115.87
2023M04,399.93,399.93,10.5,0.5,116.41
2023M05,401.19,401.19,9.7,0.3,116.78
2023M06,405.49,405.49,9.3,1.1,118.03
2023M07,405.67,405.67,9.3,0,118.08
2023M08,405.97,405.97,7.5,0.1,118.17
2023M09,408.05,408.05,6.5,0.5,118.78
2023M10,409.07,409.07,6.5,0.2,119.07
2023M11,410.35,410.35,5.8,0.3,119.45
2023M12,413.34,413.34,4.4,0.7,120.32
2024M01,412.74,412.74,5.4,-0.1,110.97
2024M02,413.76,413.76,4.5,0.2,111.24
2024M03,414.26,414.26,4.1,0.1,111.38
2024M04,415.5,415.5,3.9,0.3,111.71
2024M05,416.18,416.18,3.7,0.2,111.89
2024M06,415.86,415.86,2.6,-0.1,111.81
2024M07,416.22,416.22,2.6,0.1,111.91
2024M08,413.78,413.78,1.9,-0.6,111.25
2024M09,414.57,414.57,1.6,0.2,111.46
2024M10,415.51,415.51,1.6,0.2,111.71
2024M11,416.75,416.75,1.6,0.3,112.05
2024M12,416.71,416.71,0.8,0,112.04
2025M01,416.57,416.57,0.9,0,103.28
2025M02,419.08,419.08,1.3,0.6,103.9
2025M03,416.2,416.2,0.5,-0.7,103.19
2025M04,416.69,416.69,0.3,0.1,103.31
2025M05,416.95,416.95,0.2,0.1,103.37
2025M06,418.94,418.94,0.7,0.5,103.87
2025M07,419.75,419.75,0.8,0.2,104.07
2025M08,418.13,418.13,1.1,-0.4,103.67
2025M09,418.26,418.26,0.9,0,103.7
2025M10,419.35,419.35,0.9,0.3,103.97
2025M11,417.83,417.83,0.3,-0.4,103.59
2025M12,417.96,417.96,0.3,0,103.63
