economic indicator,quarter,export_growth
Exports of goods and  services,1981K1,NA
Exports of goods and  services,1981K2,0.6
Exports of goods and  services,1981K3,3.4
Exports of goods and  services,1981K4,4.8
Exports of goods and  services,1982K1,-0.4
Exports of goods and  services,1982K2,-0.1
Exports of goods and  services,1982K3,0.9
Exports of goods and  services,1982K4,1.8
Exports of goods and  services,1983K1,5.1
Exports of goods and  services,1983K2,2.8
Exports of goods and  services,1983K3,-0.3
Exports of goods and  services,1983K4,1.8
Exports of goods and  services,1984K1,7.6
Exports of goods and  services,1984K2,-2.6
Exports of goods and  services,1984K3,0.5
Exports of goods and  services,1984K4,2.8
Exports of goods and  services,1985K1,-5.5
Exports of goods and  services,1985K2,4.8
Exports of goods and  services,1985K3,5.1
Exports of goods and  services,1985K4,-2.6
Exports of goods and  services,1986K1,1.3
Exports of goods and  services,1986K2,0.4
Exports of goods and  services,1986K3,1.6
Exports of goods and  services,1986K4,-1.1
Exports of goods and  services,1987K1,0.5
Exports of goods and  services,1987K2,2
Exports of goods and  services,1987K3,1
Exports of goods and  services,1987K4,3.7
Exports of goods and  services,1988K1,-4.8
Exports of goods and  services,1988K2,4.3
Exports of goods and  services,1988K3,-1.4
Exports of goods and  services,1988K4,3
Exports of goods and  services,1989K1,1.5
Exports of goods and  services,1989K2,-1.2
Exports of goods and  services,1989K3,2.5
Exports of goods and  services,1989K4,-1.6
Exports of goods and  services,1990K1,2.3
Exports of goods and  services,1990K2,2.1
Exports of goods and  services,1990K3,-2
Exports of goods and  services,1990K4,0.9
Exports of goods and  services,1991K1,-1.3
Exports of goods and  services,1991K2,0.7
Exports of goods and  services,1991K3,-3.8
Exports of goods and  services,1991K4,2.6
Exports of goods and  services,1992K1,3.9
Exports of goods and  services,1992K2,-2.5
Exports of goods and  services,1992K3,3.2
Exports of goods and  services,1992K4,-5.9
Exports of goods and  services,1993K1,NA
Exports of goods and  services,1993K2,1.5
Exports of goods and  services,1993K3,6.9
Exports of goods and  services,1993K4,0
Exports of goods and  services,1994K1,4.8
Exports of goods and  services,1994K2,2.5
Exports of goods and  services,1994K3,1.4
Exports of goods and  services,1994K4,6.5
Exports of goods and  services,1995K1,4.8
Exports of goods and  services,1995K2,0.7
Exports of goods and  services,1995K3,-0.3
Exports of goods and  services,1995K4,0.3
Exports of goods and  services,1996K1,1.2
Exports of goods and  services,1996K2,3.2
Exports of goods and  services,1996K3,-0.6
Exports of goods and  services,1996K4,3.1
Exports of goods and  services,1997K1,5.4
Exports of goods and  services,1997K2,4.9
Exports of goods and  services,1997K3,1.6
Exports of goods and  services,1997K4,3.1
Exports of goods and  services,1998K1,1.4
Exports of goods and  services,1998K2,1.1
Exports of goods and  services,1998K3,2.8
Exports of goods and  services,1998K4,2.1
Exports of goods and  services,1999K1,-0.1
Exports of goods and  services,1999K2,2.1
Exports of goods and  services,1999K3,3.4
Exports of goods and  services,1999K4,0.6
Exports of goods and  services,2000K1,3.2
Exports of goods and  services,2000K2,4.4
Exports of goods and  services,2000K3,4.3
Exports of goods and  services,2000K4,0.8
Exports of goods and  services,2001K1,-2.3
Exports of goods and  services,2001K2,-1.9
Exports of goods and  services,2001K3,1.1
Exports of goods and  services,2001K4,1.1
Exports of goods and  services,2002K1,0.9
Exports of goods and  services,2002K2,1
Exports of goods and  services,2002K3,-2.6
Exports of goods and  services,2002K4,1.5
Exports of goods and  services,2003K1,2
Exports of goods and  services,2003K2,0.8
Exports of goods and  services,2003K3,2.6
Exports of goods and  services,2003K4,1.5
Exports of goods and  services,2004K1,3.8
Exports of goods and  services,2004K2,4.5
Exports of goods and  services,2004K3,0
Exports of goods and  services,2004K4,0.7
Exports of goods and  services,2005K1,0.7
Exports of goods and  services,2005K2,3.5
Exports of goods and  services,2005K3,4
Exports of goods and  services,2005K4,-0.2
Exports of goods and  services,2006K1,4.6
Exports of goods and  services,2006K2,0
Exports of goods and  services,2006K3,1.1
Exports of goods and  services,2006K4,3
Exports of goods and  services,2007K1,-0.6
Exports of goods and  services,2007K2,2.1
Exports of goods and  services,2007K3,0.4
Exports of goods and  services,2007K4,2.4
Exports of goods and  services,2008K1,1.8
Exports of goods and  services,2008K2,-1.7
Exports of goods and  services,2008K3,-1.4
Exports of goods and  services,2008K4,-6.4
Exports of goods and  services,2009K1,-7.9
Exports of goods and  services,2009K2,-2.9
Exports of goods and  services,2009K3,3
Exports of goods and  services,2009K4,-0.2
Exports of goods and  services,2010K1,3
Exports of goods and  services,2010K2,5.3
Exports of goods and  services,2010K3,3.5
Exports of goods and  services,2010K4,3.1
Exports of goods and  services,2011K1,0.4
Exports of goods and  services,2011K2,0.7
Exports of goods and  services,2011K3,3.1
Exports of goods and  services,2011K4,-4.1
Exports of goods and  services,2012K1,3
Exports of goods and  services,2012K2,1.1
Exports of goods and  services,2012K3,-1.1
Exports of goods and  services,2012K4,-2
Exports of goods and  services,2013K1,0.5
Exports of goods and  services,2013K2,1.1
Exports of goods and  services,2013K3,0.8
Exports of goods and  services,2013K4,-0.6
Exports of goods and  services,2014K1,1.5
Exports of goods and  services,2014K2,1.4
Exports of goods and  services,2014K3,1.9
Exports of goods and  services,2014K4,1
Exports of goods and  services,2015K1,-0.4
Exports of goods and  services,2015K2,2.4
Exports of goods and  services,2015K3,1.7
Exports of goods and  services,2015K4,1.2
Exports of goods and  services,2016K1,0.1
Exports of goods and  services,2016K2,-0.4
Exports of goods and  services,2016K3,0.2
Exports of goods and  services,2016K4,1.8
Exports of goods and  services,2017K1,-1.1
Exports of goods and  services,2017K2,3.3
Exports of goods and  services,2017K3,0.8
Exports of goods and  services,2017K4,1.7
Exports of goods and  services,2018K1,-0.5
Exports of goods and  services,2018K2,1.1
Exports of goods and  services,2018K3,2
Exports of goods and  services,2018K4,2.8
Exports of goods and  services,2019K1,1.4
Exports of goods and  services,2019K2,3.2
Exports of goods and  services,2019K3,1.7
Exports of goods and  services,2019K4,-4.2
Exports of goods and  services,2020K1,1.4
Exports of goods and  services,2020K2,-16.7
Exports of goods and  services,2020K3,13.2
Exports of goods and  services,2020K4,6
Exports of goods and  services,2021K1,3.9
Exports of goods and  services,2021K2,0.3
Exports of goods and  services,2021K3,-0.2
Exports of goods and  services,2021K4,4
Exports of goods and  services,2022K1,1.5
Exports of goods and  services,2022K2,1
Exports of goods and  services,2022K3,1
Exports of goods and  services,2022K4,1.3
Exports of goods and  services,2023K1,0.6
Exports of goods and  services,2023K2,-0.6
Exports of goods and  services,2023K3,2.2
Exports of goods and  services,2023K4,-0.2
Exports of goods and  services,2024K1,-0.1
Exports of goods and  services,2024K2,1.9
Exports of goods and  services,2024K3,0.7
Exports of goods and  services,2024K4,2.1
Exports of goods and  services,2025K1,0.3
Exports of goods and  services,2025K2,1.2
Exports of goods and  services,2025K3,1.4
Exports of goods and  services,2025K4,-0.8
Exports of goods and  services,2026K1,2.5
Exports of goods and  services,2026K2,1
