country,iso_code,19954,19961,19962,19963,19964,19971,19972,19973,19974,19981,19982,19983,19984,19991,19992,19993,19994,20001,20002,20003,20004,20011,20012,20013,20014,20021,20022,20023,20024,20031,20032,20033,20034,20041,20042,20043,20044,20051,20052,20053,20054,20061,20062,20063,20064,20071,20072,20073,20074,20081,20082,20083,20084,20091,20092,20093,20094,20101,20102,20103,20104,20111,20112,20113,20114,20121,20122,20123,20124,20131,20132,20133,20134,20141,20142,20143,20144,20151,20152,20153,20154,20161,20162,20163,20164,20171,20172,20173,20174,20181,20182,20183,20184,20191,20192,20193,20194,20201,20202,20203,20204,20211,20212,20213,20214,20221,20222,20223,20224,20231,20232,20233,20234,20241,20242,20243,20244
Australien,AUS,61.29557,61.48131,61.94567,62.13141,62.22429,62.31716,62.13141,61.8528,62.03854,62.22429,62.59578,62.68865,62.96726,62.96726,63.24588,63.80311,64.1746,64.73183,65.19619,67.70374,67.88948,68.63246,69.18969,69.37543,70.02554,70.67564,71.14001,71.60436,72.06873,72.99744,72.99744,73.46181,73.8333,74.4834,74.85489,75.13351,75.69073,76.24797,76.71233,77.45531,77.82679,78.4769,79.77711,80.52008,80.42721,80.42721,81.44881,82.00603,82.74902,83.86348,85.07082,86.09241,85.81379,85.90666,86.27815,87.114,87.57836,88.41421,88.97144,89.62154,89.99303,91.29324,92.12909,92.68633,92.68633,92.7792,93.24356,94.54376,94.72951,95.101,95.47249,96.58695,97.32993,97.88716,98.35152,98.81588,99.00163,99.18737,99.83747,100.3018,100.6733,100.4876,100.8591,101.602,102.1593,102.6236,102.8094,103.4595,104.1096,104.574,104.9454,105.4098,105.967,105.967,106.6171,107.1744,107.9173,108.2888,106.2456,107.9173,108.8461,109.4962,110.332,111.1679,112.6538,115.0685,117.1117,119.2477,121.4767,123.1484,124.17,125.6559,126.3989,127.6062,128.9064,129.185,129.4637
Österrike,AUT,69.63699,70.28645,70.6178,71.55884,71.19435,71.62511,71.81066,71.83054,72.09563,72.38059,72.54626,72.46674,72.61916,72.71857,72.81135,72.80472,73.32825,73.86505,74.34882,74.88561,75.40253,75.91901,76.64039,76.83939,77.01352,77.41152,78.00852,78.15778,78.38165,78.77966,78.92891,79.15279,79.32691,79.84929,80.49604,80.86917,81.49105,82.16676,82.49686,82.66191,82.79945,83.10204,83.84476,83.9548,83.9823,84.47745,85.44023,85.57777,86.65059,87.28328,88.52114,88.76871,88.57616,88.24606,88.76871,88.79623,89.12632,89.48392,90.50172,90.39169,90.99687,92.05515,93.50104,93.59141,94.10349,94.43484,95.57951,95.79037,96.72417,96.78442,97.62785,97.53749,98.23031,98.32068,99.34486,99.16412,99.61596,99.1584,100.3583,100.0917,100.3916,100.125,100.9249,100.7916,101.7249,102.1581,102.8914,102.9581,103.958,103.9913,104.8913,105.1579,106.1578,105.7912,106.6578,106.6245,107.5577,107.7713,107.7713,108.1317,108.8526,109.213,110.4745,111.5198,113.286,115.5928,119.1611,122.4411,125.2886,127.6314,129.6859,130.7673,132.1009,133.1101,133.9031,133.831,134.624
Belgien-Luxemburg,BEL_LUX,69.23904,70.04782,70.17005,70.66227,70.94637,71.39565,71.24039,71.92091,71.85815,71.911,72.41314,72.4693,72.34046,72.67081,73.08045,73.13331,73.49008,74.11445,74.77515,75.33675,75.58782,75.73318,76.9786,77.23958,77.26601,77.80448,78.0126,78.21742,78.23724,79.02679,79.08625,79.53552,79.58508,80.074,80.87345,81.31282,81.62666,82.18164,83.07029,83.86314,83.78055,84.0184,84.73527,85.11186,84.99294,85.48846,85.96417,86.24497,87.33844,88.76225,90.31161,91.0648,90.38759,90.19929,90.04402,89.95483,90.13652,91.09123,92.00301,92.29372,92.83549,94.16681,95.20412,95.65009,96.20839,97.51658,97.8205,98.17728,98.54067,98.73888,99.05272,99.29387,99.33351,99.72663,99.46565,99.37315,99.20138,99.24763,99.95457,100.1759,100.6219,101.0249,102.0854,102.2803,102.5049,103.6842,104.0377,104.2194,104.6258,105.2666,105.9174,106.5682,107.3677,107.5428,107.9293,107.807,107.9491,108.6627,108.5206,108.6891,108.5503,109.2441,110.0832,111.5367,114.1597,117.9621,119.964,123.0032,126.8056,126.3464,125.9401,127.3474,127.8495,129.7688,130.3403,131.4041,131.9227
Brasilien,BRA,28.43479,29.48983,30.39784,31.2095,31.49665,32.16354,32.75872,32.99576,33.16753,33.65839,33.9822,33.86194,33.7713,34.43362,35.09246,35.72484,36.59512,37.14445,37.40252,38.42632,38.86459,39.45173,40.01985,40.97621,41.77634,42.46077,43.1432,44.10481,46.22355,49.09841,50.41639,50.81546,51.49038,52.41394,53.18453,54.32116,55.21549,56.3153,57.32997,57.69175,58.57688,59.41839,59.79285,59.9043,60.41697,61.19367,61.76016,62.31359,62.98712,64.02979,65.19425,66.21503,66.91284,67.73239,68.56879,69.1298,69.74478,71.02673,72.06993,72.30759,73.63686,75.36126,76.82077,77.46785,78.57331,79.70692,80.66382,81.52752,82.97976,84.77028,85.95911,86.47843,87.82665,89.69273,91.45432,92.17518,93.54961,96.5619,99.24072,100.9553,103.2421,106.3569,108.3177,109.767,110.515,111.5608,112.1711,112.586,113.629,114.6772,115.9132,117.5412,118.3051,119.3573,120.917,121.2801,122.2942,123.9305,123.5002,124.4655,127.4925,130.4809,133.0346,136.4667,140.8642,144.4992,148.8869,148.2647,149.3866,152.2088,154.4831,155.076,156.4192,158.7661,160.5811,161.879,163.9599
Kanada,CAN,69.39689,69.68659,70.23966,70.34501,70.7664,71.16145,71.37214,71.5565,71.50382,71.89886,72.08322,72.16223,72.29391,72.45193,73.24203,73.74243,74.00579,74.3745,75.03292,75.74401,76.27074,76.42876,77.71925,77.79826,77.08717,77.61391,78.77271,79.61549,80.01054,81.09033,80.95865,81.27469,81.40637,81.82776,82.74954,82.90756,83.27627,83.56597,84.32973,85.06716,85.11983,85.54121,86.48933,86.54201,86.27864,87.09508,88.38557,88.38557,88.35923,88.648929999999993,90.46616,91.41428,90.04477,89.75507,90.51883,90.62418,90.75586,91.20358,91.78299,92.28338,92.81011,93.57388,94.86436,95.04872,95.31209,95.75981,96.36555,96.20753,96.20753,96.62891,97.10297,97.31367,97.10297,97.97208,99.26257,99.34158,98.97287,99.02554,100.158,100.5267,100.2897,100.5531,101.7119,101.7645,101.6855,102.4756,103.055,103.1604,103.5028,104.5826,105.4253,105.9257,105.6097,106.2681,107.6903,107.98,107.822,108.1907,107.7166,108.2697,108.6647,109.7445,111.32470000000001,112.6679,113.8004,116.1443,119.7261,120.7269,121.3853,122.1227,123.9399,125.1778,125.2831,125.5992,127.3374,127.7324,127.6797
Schweiz,CHE,90.26676,90.66876,90.74939,90.80351,90.97419,91.33298,91.22747,91.22774,91.2971,91.336429999999993,91.27628,91.31181,91.22626,91.58853,91.80679,92.19412,92.50607,93.02094,93.28243,93.56211,93.96691,93.96668,94.68564,94.52158,94.35578,94.49454,95.33841,94.8102,95.31294,95.48195,95.85765,95.23312,95.80853,95.53461,96.68758,96.09796,97.13128,96.82638,97.71157,97.23396,98.19684,98.02145,99.00865,98.42298,98.64742,98.10749,99.52773,99.04731,100.3042,100.5347,102.1992,101.9935,101.8905,100.5182,101.4328,101.0039,101.7092,101.6425,102.4351,101.3389,102.0327,102.2503,102.8418,101.7273,101.5723,101.3545,101.7939,101.192,101.223,100.9758,101.3628,101.1573,101.1861,100.9475,101.467,101.1626,101.0515,100.2071,100.3367,99.77255,99.68357,99.2197,99.94674,99.5971,99.49799,99.7367,100.3179,100.0765,100.2563,100.4561,101.3041,101.2108,101.1654,101.0817,101.9599,101.4733,101.088,100.9542,100.7151,100.5986,100.3909,100.519,101.2131,101.4379,101.8316,102.5922,104.2079,104.8658,104.8175,105.8744,106.4415,106.5485,106.5126,107.1064,107.8912,107.6827,107.2156
Kina,CHN,66.33797,68.43523,70.00101,69.88256,70.95956,71.96712,72.05466,71.36991,71.66868,72.18226,71.43173,70.34659,70.88027,71.14736,69.88374,69.52779,70.28999,71.21915,69.95148,69.71136,70.94372,71.69186,71.04778,70.2639,70.84885,71.2711,70.34344,69.73151,70.4286,71.6058,70.77215,70.29418,72.27983,73.58439,73.82867,73.92466,74.51263,75.6049,75.06893,74.89146,75.54058,76.67402,76.3139,76.08392,77.00058,78.78079,79.06779,80.7932,82.17343,85.15934,85.28526,85.08582,84.29391,84.6265,83.97952,84.00587,84.73795,86.37958,86.26215,86.7483,88.67176,90.89174,91.39828,92.33354,92.76922,94.27955,93.93101,94.08586,94.72031,96.60223,96.17685,96.65771,97.46173,98.76667,98.23333,98.5,98.83334,99.9,99.56667,100.2667,100.2667,102,101.6667,101.9,102.4333,103.4667,103.2,103.5333,104.3,105.6667,104.9667,105.9,106.5667,107.6,107.7667,108.9333,111.0667,112.9333,110.7,111.0667,111.2,112.8103,112.1038,112.1782,113.1821,114.1116,114.6322,115.1527,115.2643,115.5246,114.7437,115.0784,114.8925,115.4874,115.004,115.6361,115.1156
Tjeckien,CZE,53.5333333333333,55.4,56.3,57.4,58.1333333333333,59.3666666666666,60.1666666666666,63.1,64.1333333333333,67.2333333333333,67.8,69.2,68.9333333333333,69.3,69.4,70.0333333333333,70.2666666666666,71.7333333333333,71.9333333333333,72.7666666666666,73.1,74.6333333333333,75.5,76.7,76.2,77.5,77.3333333333333,77.3,76.6666666666666,77.2,77.4,77.2666666666666,77.3,79.0333333333333,79.4,79.6666666666666,79.6,80.3,80.6333333333333,81.1333333333333,81.5333333333333,82.6,82.9333333333333,83.5333333333333,82.7333333333333,83.8333333333333,84.9666666666666,85.7,86.7666666666666,90.0666666666666,90.7333333333333,91.3666666666666,90.8,91.9666666666666,92,91.4666666666666,91.2333333333333,92.5666666666666,93.1666666666666,93.2333333333333,93.1,94.2,94.8,94.9,95.3,97.6333333333333,98,98,98.0333333333333,99.4,99.5,99.2333333333333,99.1666666666666,99.5666666666666,99.6666666666666,99.8333333333333,99.6,99.6666666666666,100.333333333333,100.2,99.7,100.133333333333,100.6,100.733333333333,101.166666666666,102.566666666666,102.833333333333,103.3,103.8,104.466666666666,105.166666666666,105.766666666666,105.966666666666,107.3,108.133333333333,108.766666666666,109.166666666666,111.166666666666,111.5,112.366666666666,112.033333333333,113.6,114.733333333333,117,118.9,126.366666666666,132.833333333333,137.566666666666,137.566666666666,147.066666666666,147.633333333333,148.633333333333,147.966666666666,150.133333333333,151.266666666666,152.066666666666,152.233333333333
Tyskland,DEU,75.19341,75.87755,76.12633,76.31291,76.344,77.21473,77.30802,78.08546,77.96107,78.17875,78.36533,78.55192,78.30314,78.33424,78.7696,79.08057,79.04948,79.54704,79.64033,80.16898,80.41776,80.91531,81.66165,81.78604,81.75494,82.53238,82.71896,82.78116,82.71896,83.4653,83.37201,83.65189,83.68298,84.27383,84.92687,85.17565,85.36224,85.64211,85.98418,86.57504,86.79272,87.10369,87.57015,87.85003,87.91222,88.65856,89.37379,89.84026,90.61769,91.27074,91.95488,92.60793,92.07927,92.01707,92.20366,92.39024,92.45244,92.76341,93.22987,93.41645,93.72742,94.50486,95.09571,95.46888,95.81095,96.52619,96.86826,97.39691,97.73898,98.01886,98.32983,98.98288,99.04507,99.20056,99.38715,99.82251,99.54263,99.14986,100.3501,100.5501,99.94999,99.44991,100.4834,101.0502,100.9835,101.0835,101.917,102.6171,102.4171,102.4171,103.6839,104.5508,104.4507,103.8173,105.4509,106.0844,105.751,105.4987,105.8852,105.1121,105.2175,107.0801,108.2047,109.1887,110.1727,112.211,115.409,117.2715,119.6261,121.4535,122.9646,123.8432,123.8784,124.5109,125.7761,126.2329,126.7249
Danmark,DNK,68.41976,68.75595,69.45151,69.59062,70.04273,70.2514,70.8774,71.23678,71.53819,71.68889,72.28011,72.43082,72.74382,73.13797,73.92627,74.34361,74.95802,75.42929,76.29337,76.36961,76.8779,77.23333,78.23333,78.2,78.43333,79.16666,80,80,80.5,81.33334,81.83334,81.46667,81.66666,82.1,82.73333,82.43333,82.8,83.1,84.13333,84.3,84.53333,84.83334,85.83334,85.9,85.96667,86.43333,87.2,86.86667,87.83334,89.06667,90.26667,90.5,90.4,90.63333,91.36667,91.4,91.53333,92.53333,93.36667,93.56667,93.9,95.03333,96.2,96.1,96.33334,97.6,98.3,98.46667,98.5,98.73333,99.13333,98.96667,99.13333,99.33334,99.73333,99.53333,99.6,99.6,100.3333,100.1333,99.93333,99.9,100.4667,100.3,100.3333,100.8667,101.3,101.8333,101.6,101.4667,102.3,102.7333,102.4,102.6667,103.0667,103.1667,103.1,103.3,103.1667,103.7,103.5667,104.0333,104.8667,105.6667,106.8333,109.0667,112.6667,115.4,116.7,117.0667,116.6667,117.8667,117.2333,118.2,118.5,119.3333,119.2333
Spanien,ESP,63.33651,64.1092,64.81461,65.1148,65.43839,65.74039,65.83435,66.28908,66.72767,66.95367,67.161,67.60448,67.72582,68.20649,68.67664,69.22369,69.56325,70.19773,70.8587,71.73405,72.34477,72.85828,73.79041,74.34708,74.37537,74.68203,76.3178,76.12118,77.30519,77.48504,78.4999,78.33504,79.3574,79.18433,81.0135,80.9268,82.08618,81.76538,83.62239,83.70803,85.00338,85.04977,86.92141,86.66556,87.20795,87.11018,88.99646,88.71562,90.66042,90.92734,93.09088,93.06697,92.88463,91.35234,92.46248,92.07245,93.01773,92.35043,93.93232,93.8713,95.39074,95.5688,97.21314,96.74853,98.01711,97.43903,99.12475,99.41737,101.0464,99.99295,100.833,100.6181,101.1759,100.0044,101.0542,100.2866,100.6663,98.98558,100.7976,99.87412,100.3427,98.33434,99.84486,99.69035,101.3201,101.0321,101.8393,101.339,102.7878,101.9956,103.6741,103.6003,104.5452,103.1542,104.6255,103.9239,105.0062,103.7755,103.9368,103.4012,104.2515,104.3911,106.5974,106.9139,110.3104,112.597,116.2968,117.6688,117.5796,118.2873,119.8445,120.9846,121.4211,121.9995,123.9889,123.6021,124.2779
Finland,FIN,73.39349,73.74883,74.0723,74.06005,74.0282,74.12132,74.80014,75.13342,75.38338,75.51082,75.98624,76.03525,76.09651,76.02544,76.88071,76.90276,77.34878,78.1027,79.01795,79.40569,79.97541,80.30511,81.48677,81.41555,81.45512,81.88241,82.61831,82.5128,82.75019,83.20123,83.33311,82.98758,83.13528,83.1432,83.18539,83.31992,83.63116,83.56026,83.867679999999993,83.867679999999993,84.0633,84.28687,85.18116,85.34884,85.79598,86.27108,87.27715,87.47278,88.1435,89.56877,90.82637,91.46914,91.49709,91.022,91.022,90.77048,90.54691,91.16917,91.87082,91.74213,92.88194,94.10754,94.94707,95.25654,95.91529,97.00301,97.79353,97.90689,98.20103,98.63306,99.26424,99.22134,99.56451,99.93832,100.1804,100.3152,100.3795,99.81667,100.0567,99.97667,100.13,99.78333,100.3667,100.41,100.8467,100.7467,101.14,101.0933,101.4533,101.4867,102.13,102.4033,102.7967,102.66,103.3733,103.3733,103.5967,103.4933,103.1933,103.7033,103.8133,104.5767,105.3467,105.9867,107.3833,109.7033,112.5433,114.2967,116.9033,118.9067,120.42,121.0033,121.46,122.2367,122.29,122.2133,122.5933
Frankrike,FRA,75.81333,76.32667,76.91666,76.74667,77.05666,77.43667,77.62666,77.73,77.95,78.01667,78.39333,78.20333,78.15334,78.21667,78.69334,78.61,78.92667,79.36,79.81333,80.10667,80.43667,80.39667,81.45,81.53,81.56667,82.12666,82.77333,82.97667,83.31667,84.07,84.35667,84.58,85.13667,85.58334,86.37334,86.51334,86.91666,87.05666,87.84333,88.14,88.37666,88.61,89.52333,89.63333,89.53667,89.64,90.57333,90.77,91.63667,92.28333,93.56667,93.72,93.25,92.86,93.37334,93.32333,93.59,94.09,94.88,94.76334,95.12666,95.78,96.84,96.79,97.45,97.99667,98.77666,98.70333,98.94334,99.03667,99.57333,99.63,99.58667,99.75667,100.2,100.0267,99.86333,99.51667,100.4133,100.11,99.95667,99.47667,100.4067,100.39,100.4567,100.7033,101.2967,101.2633,101.6033,102.0733,103.2167,103.54,103.53,103.32,104.3767,104.58,104.6533,104.5533,104.6867,104.9433,104.7333,105.33,106.1333,106.7533,107.58,109.1833,111.7467,112.9967,114.1067,115.7233,117.53,118.2867,118.35,118.9567,120.1267,120.3467,119.8533
Storbritannien,GBR,67.2,67.7,68.5,68.7,69.2,69.3,70,70.2,70.6,70.6,71.4,71.4,71.8,72,72.7,72.6,72.9,72.8,73.5,73.5,73.9,73.7,74.8,74.8,74.9,75,75.7,75.8,76.2,76.1,76.8,76.8,77.1,77.2,77.8,77.8,78.3,78.5,79.3,79.7,80.1,80.2,81.2,81.7,82.3,82.4,83.3,83.3,84.1,84.5,86.1,87.1,87.2,87,87.8,88.2,88.6,89.1,90,90.3,91.1,92.2,93.4,93.9,94.7,95.1,95.8,96.1,97,97.4,98.1,98.4,98.9,99,99.7,99.8,100,99.4,100,100.2,100.4,100.1,100.8,101.2,101.9,102.3,103.4,103.9,104.7,104.8,105.8,106.3,106.9,106.7,107.8,108.2,108.4,108.5,108.7,109.1,109.3,109.5,110.9,112,114.1,115.5,119.7,121.8,124.8,125.9,128.9,129.5,130.3,130.8,132.7,133.3,134.7
Grekland,GRC,58.35469,59.43225,61.48615,61.13053,62.78377,63.25639,64.93122,64.37062,65.82841,66.04871,68.35679,67.6662,68.63024,68.42229,70.01154,69.03955,70.36598,70.40395,71.88553,71.08234,73.22277,72.73863,74.53498,73.76296,75.2276,75.61907,77.15078,76.32156,77.92527,78.53033,79.98159,78.92774,80.41671,80.66406,82.29213,81.15906,82.9553,83.35621,85.01805,84.30032,85.99086,86.0743,87.74995,87.19526,88.46949,88.37951,90.02705,89.51261,91.68755,92.14046,94.30495,93.74638,94.34866,93.5667,94.92738,94.38914,96.18944,96.40237,99.82884,99.61246,101.0946,100.9284,103.3408,101.9811,103.9055,102.9758,104.9242,103.331,105.0834,102.9977,104.4253,102.2677,102.7883,101.6344,102.8938,101.6459,100.8922,99.21585,100.6946,99.81238,100.2772,98.30192,99.74159,98.82722,99.82664,99.68154,101.0217,99.78164,100.6605,99.56464,101.5648,100.7509,101.7747,100.2305,101.8919,100.6844,101.8695,100.5918,100.4829,98.7712,99.78009,98.95838,100.7754,100.5644,104.2186,106.3252,112.0623,112.3058,112.8401,112.5772,114.8883,114.861,116.5745,116.0603,117.8432,118.1611,119.4172
Ungern,HUN,27.77021,30.01923,31.63319,32.35698,33.41355,35.67366,37.42073,38.19167,39.46176,41.7496,43.14726,43.28592,43.90156,45.7041,47.07957,47.87269,48.63253,50.20972,51.39403,52.57834,53.66395,55.36639,56.79744,57.14286,57.48828,58.79595,59.90624,59.75821,60.27634,61.53466,62.25019,62.57093,63.50851,65.72909,66.8147,66.93807,67.23415,68.07303,69.30669,69.38071,69.45473,69.80015,71.13249,72.24278,73.89588,75.74636,77.25142,77.76955,79.15125,80.97705,82.48211,82.6795,82.50678,83.41969,85.44288,86.82458,86.7999,88.42832,90.0074,90.13077,90.55021,92.15396,93.63435,93.19023,94.25117,97.31063,98.76634,98.91438,99.33382,100.1727,100.5428,100.3701,100.074,100.1974,100.3701,100.2961,99.38317,99.13644,100.6168,100.3454,99.90131,99.48186,100.5675,100.3948,101.135,102.0725,102.6598,102.8226,103.4542,104.0957,105.4528,106.3657,106.8098,107.3773,109.4004,109.6225,110.4367,112.0158,112.1145,113.6936,113.5455,115.544,117.9373,119.3684,121.5889,125.0678,130.4219,139.0328,149.2228,156.8468,158.8947,160.375,160.7451,162.645,164.9149,165.9758,166.9134
Indien,IND,26.45039,26.25691,27.22428,28.35747,28.88261,29.04844,29.32483,29.79469,30.48566,31.67413,32.3651,34.38274,35.93052,34.52094,34.65913,35.3501,36.09635,35.79232,36.48329,36.81496,37.17426,36.8426,37.47829,38.52857,38.94315,38.72204,39.16426,40.07634,40.35273,40.1869,41.01606,41.43065,41.70704,41.78995,42.12162,43.17189,43.44828,43.558839999999996,43.80759,44.77495,45.63176,45.5212,46.41377,47.56136,48.58145,48.70896,49.34651,50.74912,51.25916,51.76921,53.17182,55.3395,56.48709,56.6146,57.8897,61.842529999999996,64.0102,65.2853,65.79535,68.21804,69.87568,71.15078,71.66082,74.46605,75.74116,76.2512,78.92891,81.73414,83.39178,85.17692,87.3446,90.53236,92.18999,91.0424,93.33759,96.65285,96.78036,97.03539,98.82053,101.1157,103.0284,102.5183,104.941,106.4712,105.8336,104.941,106.4712,109.0214,109.7864,109.9139,110.679,115.1419,115.3969,117.6921,120.1148,122.5375,125.3427,125.4702,126.3628,129.3146,131.5501,131.036,133.0926,135.5532,138.0872,138.124,141.7231,143.743,145.9098,146.4606,148.8478,152.9243,152.8876,153.1446,154.5035,157.4048,158.9105
Irland,IRL,66.32404,66.61925,66.91446,67.20967,67.6086,67.61924,68.02174,68.14249,68.70598,68.86697,69.83296,70.15496,70.19521,69.87321,70.75871,71.12095,71.84544,72.89193,74.46166,75.50815,76.55464,76.75589,78.48662,79.00986,79.69411,80.37835,82.10908,82.47132,83.51781,84.36305,85.20829,85.00704,85.36929,85.73154,86.73778,87.22077,87.66351,87.62326,88.75025,89.47475,90.03824,90.44073,92.17146,93.2582,94.02294,94.94868,96.80016,97.68565,98.53089,99.41638,101.2276,101.9521,101.0264,98.00764,96.67941,95.75367,95.23043,94.70718,95.39143,95.91467,96.11592,96.84041,98.08815,98.24915,98.69189,98.93339,99.85912,99.97987,99.73838,99.89938,100.3824,100.3019,99.97987,99.97987,100.7446,100.6641,99.93963,99.37613,100.3019,100.4629,99.85912,99.25539,100.4629,100.5836,99.77863,99.81888,100.7044,100.7849,100.2214,100.0604,100.8654,101.5496,100.9459,100.9056,102.0326,102.2741,101.9924,101.9521,101.7509,101.3484,100.8251,101.7106,103.1998,104.3268,106.1381,107.587,111.451,113.383,115.476,116.1602,118.8569,120.4266,120.6681,120.1852,121.7951,122.2781,121.9159
Island,ISL,40.76532,40.946,41.22398,41.54366,41.65485,41.69654,41.98842,42.2386,42.44708,42.61386,42.87794,42.73896,42.93354,43.19762,43.80917,44.49021,45.19905,45.68551,46.32486,46.60284,47.15879,47.42287,48.92394,50.26456,51.05948,51.73613,51.90245,52.00089,52.30439,52.61801,52.98241,53.0102,53.60785,53.74684,54.65027,54.90045,55.62319,56.09575,56.47102,57.05477,58.02769,58.51415,60.44609,61.72861,62.18344,62.43362,63.23976,64.07368,65.39407,66.89526,71.00196,73.07423,76.55833,78.32351,79.4588,81.11773,83.14228,84.1553,85.13628,84.65028,85.48022,85.84425,88.09686,89.09985,89.96149,91.36514,93.16946,92.94028,93.83392,95.31745,96.27685,96.68162,97.41098,97.67833,98.52334,98.73718,98.63387,98.72462,100.0365,100.6913,100.5475,100.64,101.6597,102.01,102.478,102.4847,103.4283,103.6902,104.3457,105.0009,105.8009,106.4809,107.7722,108.2566,109.401,109.7537,110.4545,110.5187,112.1338,113.312,114.3714,115.1928,117.0812,118.179,119.8969,122.3135,126.3089,129.6031,131.2046,134.5226,138.1897,139.6714,141.5518,143.5193,146.5123,147.9107,148.4363
Italien,ITA,67.73112,68.4699066666666,69.22403,69.40147,69.73417,70.1777733333333,70.5326566666666,70.6657366666666,71.1093366666666,71.5972966666666,71.97436,72.10744,72.32924,72.5954066666666,73.01682,73.3495266666666,73.8374866666666,74.30327,74.83559,75.27919,75.8115133333333,76.4547333333333,77.12014,77.3863,77.63028,78.2956833333333,78.8723666666666,79.24943,79.78175,80.42497,81.0016533333333,81.4230733333333,81.8001333333333,82.2659166666666,82.88696,83.24184,83.41928,83.8407033333333,84.41738,84.92753,85.2158633333333,85.63729,86.3026933333333,86.76847,86.76847,87.1233566666666,87.67786,88.188,88.80904,89.7849633333333,90.80525,91.69245,91.29321,91.11577,91.58155,91.8033533333333,91.89207,92.2913133333333,92.86799,93.28942,93.5334,94.44961,95.3488366666666,95.9069766666666,96.6201566666666,97.51938,98.4806166666666,98.94574,99.0077533333333,99.3798433333333,99.6279066666666,100.062023333333,99.6899233333333,99.8759666666666,100.062,99.9999866666666,99.7829433333333,99.62791,100.124033333333,100.186033333333,99.9379733333333,99.5333333333333,99.7333333333333,100.166666666666,100.066666666666,100.866666666666,101.233333333333,101.3,101,101.6,102.166666666666,102.8,102.433333333333,102.566666666666,103.033333333333,103.166666666666,102.733333333333,102.866666666666,102.9,102.666666666666,102.5,103.466666666666,104.133333333333,104.9,106.133333333333,109.333333333333,111.333333333333,113.7,118.6,119.066666666666,119.566666666666,120.033333333333,119.766666666666,120.166666666666,120.533333333333,121.266666666666,121.166666666666
Japan,JPN,97.53118,97.25969,97.97234,97.80267,98.07415,97.8366,99.90668,99.87274,100.1442,99.737,100.246,99.66913,100.6872,99.63519,99.97455,99.66913,99.66913,99.02435,99.2619,99.02435,98.8886,98.61712,98.54925,98.3117,97.97234,97.25969,97.70086,97.53118,97.42937,97.02214,97.46331,97.29362,97.12395,96.8864,97.15788,97.19182,97.63299,96.92033,97.05608,96.8864,96.8864,96.78459,97.22575,97.49725,97.22575,96.68279,97.15788,97.3615,97.70086,97.63299,98.44744,99.46552,98.71893,97.53118,97.53118,97.22575,96.71672,96.68279,96.75066,96.24162,96.44524,96.17375,96.37737,96.37737,96.13982,96.47917,96.54704,95.97014,95.90227,95.8344,96.27556,96.81853,97.25969,97.29362,99.70306,100.0764,99.77094,99.53339,100.28,100.1782,100.0085,99.56732,99.90668,99.70306,100.3139,99.90668,100.3139,100.3139,100.8908,101.1962,100.9926,101.4338,101.7731,101.5017,101.7392,101.7731,102.2822,102.1804,101.8749,101.8071,101.332,101.6374,101.1284,NA,NA,NA,NA,NA,NA,NA,NA,NA,NA,NA,NA,NA,NA
Sydkorea,KOR,55.40989,56.45107,57.38296,57.9856,58.22314,59.09986,59.7025,60.28721,61.16463,64.38022,64.58121,64.52605,64.81841,64.83668,64.96423,64.94631,65.65858,66.08447,65.99522,66.88283,67.32629,68.52524,69.3236,69.72278,69.54603,70.25549,71.18738,71.47658,71.85291,73.11828,73.53995,73.74024,74.38329,75.49298,76.04783,76.93474,76.89082,77.9471,78.3129,78.73176,78.78376,79.56877,80.06599,80.71888,80.45779,81.16339,82.02641,82.57598,83.17686,84.24895,86.00065,87.15145,86.91602,87.54396,88.37921,88.87714,89.00786,90.15656,90.73283,91.4314,91.8868,93.61706,94.34585,95.37788,95.52969,96.43732,96.63727,96.91347,97.16857,97.93918,97.81197,98.23716,98.20658,99.0443,99.38445,99.59388,99.17186,99.73409,99.94421,100.2376,100.0841,100.5911,100.784,100.9741,101.5374,102.8042,102.7209,103.2139,103.0006,103.9107,104.254,104.8106,104.8409,104.4744,104.934,104.8574,105.1508,105.4843,104.9431,105.6143,105.6283,106.9847,107.554,108.2919,109.3742,111.1698,113.3379,114.6169,115.0772,116.2825,117.0345,118.2152,119.0093,119.7894,120.1584,120.6398,120.8787
Belgien-Luxemburg,BEL_LUX,68.20471,68.40177,68.66757,68.79588,69.09605,69.34352,69.41226,69.78805,70.17757,70.22569,70.23257,70.44796,70.48692,70.16383,71.10329,71.08496,71.92589,72.19627,73.12427,73.45422,74.46014,74.27912,75.31711,75.47292,75.97702,75.92661,76.76067,76.95084,77.652,77.80553,78.27296,78.41273,79.09785,79.34303,80.10835,80.16105,80.95615,81.09,81.98666,82.34666,83.12,83.47667,84.51334,84.57,84.74333,85.26,86.21333,86.21,87.42,88.07333,89.59333,89.90667,89.27,88.65667,89.50333,89.77666,90.22,90.40334,91.48,91.89333,92.52333,93.55666,94.78667,94.80666,95.64333,96.24333,97.20333,97.32667,98.10667,98.28667,98.96333,98.98,99.39333,99.34333,99.84333,99.61,99.31333,99.33667,100.3733,100.1667,100.1233,99.58334,100.3933,100.3333,100.8533,101.3133,102.11,102.22,102.4633,102.4133,103.42,103.9533,104.5567,104.5033,105.5,105.5967,105.9667,106.0567,106.0467,106.3767,106.5433,107.3867,108.4567,109.0133,110.9067,113.2133,116.1133,116.4267,117.62,118.0133,120.1733,121.1,121.4233,121.8433,123.0567,123.1167,122.5533
Mexiko,MEX,21.8715133333333,23.8679466666666,25.5370633333333,26.7116166666666,28.0258633333333,29.9537933333333,30.97435,31.8421066666666,32.8522833333333,34.5359,35.65998,36.81363,38.6226766666666,40.9593633333333,42.0341566666666,42.8792833333333,43.91338,45.2802966666666,46.0451066666666,46.74844,47.8277,48.6565666666666,49.2112133333333,49.54609,50.3253966666666,50.96539,51.5604133333333,52.14724,53.0139466666666,53.7374966666666,54.0036033333333,54.2690233333333,55.1201866666666,56.06011,56.3187933333333,56.86845,58.0629133333333,58.52657,58.8588133333333,59.1276866666666,59.86246,60.6908333333333,60.6984333333333,61.2218366666666,62.3436,63.1792233333333,63.1106633333333,63.66257,64.71923,65.63843,66.2136433333333,67.1514966666666,68.7199966666666,69.6918666666666,70.1615666666666,70.6007066666666,71.4516966666666,73.00448,72.9402433333333,73.1920166666666,74.4871533333333,75.5326333333333,75.34407,75.65759,77.0944766666666,78.46425,78.2561566666666,79.1278533333333,80.2642366666666,81.3570533333333,81.7431933333333,81.84962,83.1951066666666,84.7391633333333,84.6748133333333,85.2437533333333,86.67413,87.33873,87.16144,87.4727033333333,88.6454,89.6913866666666,89.39164,89.9079966666666,91.5206733333333,94.15705,94.84269,95.7366733333333,97.5554433333333,99.1528433333333,99.17513,100.439366666666,102.254333333333,103.221,103.354333333333,103.766333333333,105.261,106.724666666666,106.22,107.808333333333,108.967,110.980333333333,112.542333333333,114.060666666666,116.584333333333,119.047333333333,121.291666666666,123.774,125.917,127.923666666666,128.220333333333,129.499,131.475666666666,133.767,134.339,136.032,137.400333333333
Nederländerna,NLD,67.98883,68.41333,68.92,68.98666,69.45,69.72,70.19334,70.58667,71.08667,71.173330000000007,71.73333,71.85333,72.34333,72.7,73.32,73.44,73.83667,74.07,74.91333,75.27333,75.96333,76.99667,78.20333,78.49333,79.00333,79.90334,80.82333,81.01334,81.23666,81.84333,82.44334,82.68333,82.76334,82.83667,83.62334,83.62,83.82,84.18667,84.90334,85.08667,85.36,85.12334,86.02,86.09,86.04333,86.46333,87.56,87.2,87.59333,88.31333,89.58,89.96333,89.63333,90.04,91.02333,90.21667,90.46333,90.83667,91.90667,91.62334,91.99,92.53,93.85333,94.25333,94.29667,94.82333,95.923330000000007,96.41333,96.98,97.63333,98.56,99.08667,98.49,98.70333,99.53333,99.99667,99.38,98.86333,100.41,100.73,99.99667,99.44,100.4133,100.7367,100.6767,100.96,101.6667,102.1367,102.0467,102.2,103.21,104.21,104.12,104.7967,105.9533,106.99,106.8967,106.4867,107.3433,108.2333,107.9767,108.3533,109.4967,110.5767,113.12,116.42,119.3033,124.1367,125.8467,124.1267,126.0333,127.33,126.86,127.88,129.6733,131.89,131.79
Norge,NOR,67.63333,67.46667,68,68.4,68.83334,69.53333,69.83334,69.96667,70.36667,71.03333,71.4,71.56667,72,72.63333,73.16666,73.03333,73.93333,74.73333,75.3,75.53333,76.23333,77.36667,78.26667,77.46667,77.76667,78.16666,78.63333,78.56667,79.5,81.76667,80.4,80.06667,80.46667,80.6,81.06667,81.03333,81.46667,81.4,82.3,82.46667,82.96667,83.23333,84.26667,84.3,85,84.06667,84.53333,84.43333,86.16666,87.03333,87.26667,88.4,89.23333,89.16666,90,90,90.5,91.8,92.33334,91.66666,92.56667,93.06667,93.66666,93.03333,93.33334,93.83334,94.03333,93.36667,94.46667,95,95.86667,96.16666,96.63333,97,97.66666,98.23333,98.6,98.9,99.83334,100.2,101.0667,102.0333,103.3,104.2,104.6667,104.6667,105.4667,105.7667,106.0667,106.7667,108,109.2333,109.6333,109.9667,110.6333,111.0333,111.4,111.2333,111.9,112.7667,112.8333,114.5333,115.0667,116.7,118.0667,118.9,121.7667,124.5667,125.9,126.7667,129.6667,130.2,131.6,132.3,133.6667,133.8333,134.7333
Nya Zeeland,NZL,66.90597,67.22216,67.72807,68.10749,68.6134,68.42368,68.48692,68.80311,69.18254,69.30901,69.62521,70.00464,69.43549,69.24578,69.37225,69.64974,69.78849,70.27409,70.7597,71.73091,72.56338,72.42464,73.04898,73.46522,73.88145,74.29768,75.06078,75.40764,75.89325,76.17074,76.17074,76.51759,77.07257,77.35006,77.97441,78.46002,79.15374,79.5006,80.19433,81.09617,81.65115,82.13675,83.38545,83.96915,83.80238,84.21931,85.05316,85.47009,86.47071,87.05441,88.47196,89.80613,89.3892,89.63936,90.13967,91.30707,91.1403,91.47384,91.64061,92.64124,94.80926,95.55972,96.47697,96.89389,96.56035,97.06066,97.3942,97.64436,97.47759,97.89452,98.06129,98.97853,99.06191,99.39545,99.64561,99.97916,99.81239,99.64561,100.0625,100.3961,99.89577,100.0625,100.4795,100.813,101.2299,102.2306,102.2306,102.7309,102.8439,103.3551,103.764,104.6841,104.7863,104.8886,105.5019,106.2176,106.7287,107.5465,107.0354,107.751,108.26220000000001,109.1822,110.6135,113.067,114.7027,116.7473,118.6897,121.2454,122.9834,124.5168,125.8458,128.0949,128.7083,129.5261,130.0373,130.8551,131.5707
Polen,POL,41.30828,43.95744,46.16118,47.07549,49.09167,51.64707,53.05371,53.82736,55.53876,58.65681,59.85246,59.78212,60.60266,62.19685,63.55661,64.11926,66.112,68.4564,69.83959,70.91801,72.11366,73.02797,74.38772,74.34083,74.78627,75.63025,75.91158,75.20826,75.4427,75.86469,76.14602,75.74747,76.49767,77.06033,78.60764,79.09996,79.77983,79.94394,80.41282,80.31905,80.74104,80.72175,81.40008,81.67142,81.75282,82.34975,83.38081,83.27229,84.54755,85.79568,86.93529,87.12522,87.58649,88.75322,90.48975,90.62543,90.76109,91.60223,92.47049,92.47049,93.39303,95.2381,96.62189,96.24203,97.5173,99.09103,100.2849,99.76936,100.2035,100.4206,100.8818,100.9904,101.0175,101.1803,101.2074,100.7462,100.3934,99.9593,100.4477,99.98643,99.60657,98.95537,99.41663,99.11816,99.85077,100.9632,101.2888,101.0989,102.2385,102.6998,103.2424,103.2153,103.7851,103.9208,105.6844,105.9829,106.5527,108.6691,109.049,109.1846,109.4831,111.708,113.7973,114.9369,118.003,122.48,129.6703,133.7675,138.6786,144.2952,147.0085,146.493,147.2799,148.6908,150.8344,153.2764,154.416
Portugal,PRT,64.89462,65.50069,66.46768,66.75662,66.87305,67.44728,67.86725,68.10643,68.38376,68.71516,69.6377,69.96677,70.47797,70.64184,71.3942,71.39984,71.88583,71.92961,73.18156,73.80123,74.54961,75.37728,76.54597,76.87006,77.49272,77.9117,79.15601,79.65958,80.5861,80.98384,81.94553,81.93359,82.66472,82.75793,83.97538,83.90704,84.63453,84.51909,85.51958,86.02779,86.84319,87.21307,88.69788,88.62292,89.03227,89.32021,90.95132,90.55026,91.42072,91.93723,93.56204,93.31722,92.80271,91.92694,92.52969,91.90538,92.15219,92.19896,93.44162,93.69407,94.34824,95.639,96.95663,96.69656,98.04138,98.9082,99.67548,99.50962,99.98234,99.10789,100.2962,99.84998,99.914,98.97786,99.9621,99.31522,99.80254,98.88364,100.68,100.0769,100.3595,99.42171,101.1344,100.732,101.1414,100.8309,102.596,101.8831,102.6272,101.6028,103.6058,103.3063,103.4761,102.3688,104.1508,103.1298,103.7349,102.7855,103.8669,103.1261,103.5544,103.2094,104.6637,104.6664,106.0248,107.639,113.0137,114.1867,116.5098,116.2593,117.9362,118.1299,118.4826,118.8402,121.1056,120.673,121.5647
Ryssland,RUS,7.89814066666666,8.75903233333333,9.330681,9.517785,9.81382666666666,10.3546466666666,10.7123333333333,10.9036366666666,10.9745933333333,11.3248433333333,11.4911133333333,13.35014,18.6687866666666,22.9451766666666,24.9154566666666,26.4626566666666,27.5305833333333,28.7819766666666,29.85642,31.4209666666666,32.9788533333333,35.1701033333333,37.1443733333333,38.0106633333333,39.1380033333333,41.4235666666666,42.9194966666666,43.7066066666666,45.0118066666666,47.4840066666666,48.9511966666666,49.61235,50.65982,52.5627666666666,53.9265833333333,55.07138,56.5653533333333,59.44762,61.3493033333333,62.05146,62.9476566666666,65.8872633333333,67.11773,67.90755,68.6486666666666,70.9751233333333,72.453833333333293,73.9373666666666,76.47507,80.1017933333333,83.2195033333333,84.9865366666666,86.9968366666666,91.0980433333333,93.5659666666666,94.70041,94.99429,97.6698966666666,99.1011466666666,100.52903,102.69993333333299,106.9447,108.5553,108.6953,109.566566666666,111.0783,112.712166666666,115.2588,116.7249,118.9912,120.789133333333,122.587233333333,124.188266666666,126.593666666666,129.938466666666,132,136.088966666666,147.110566666666,150.5021,152.719633333333,155.785566666666,159.388833333333,161.5493,163.135966666666,164.7293,166.7511,168.3242,168.6395,168.986166666666,170.5112,172.3256,173.677233333333,175.549266666666,179.3232,180.923033333333,181.151166666666,181.603666666666,183.676166666666,186.553866666666,187.555733333333,189.664733333333,193.867433333333,197.777033333333,200.415366666666,205.428433333333,216.259166666666,NA,NA,NA,NA,NA,NA,NA,NA,NA,NA,NA
Slovakien,SVK,41.61333,42.12827,42.51796,43.04683,43.84013,44.66126,45.20404,45.66332,46.54012,47.94579,48.51641,48.46074,49.28187,51.24424,51.89836,55.37774,56.21278,59.20505,60.09577,60.2767,61.0004,63.43597,64.74422,64.95297,65.07823,66.19424,66.5613,66.5613,66.96915,71.2312,71.84298,72.63829,73.35203,77.16544,77.69564,78.04231,77.98114,79.30666,79.65333,79.67372,80.67295,82.7326,83.34438,83.58909,83.95615,85.05736,85.42442,85.64874,86.68876,88.48331,89.25822,89.99236,90.84884,91.07316,90.9712,91.07316,91.25669,91.56258,91.99082,92.052,92.25593,94.601070000000007,95.55952,95.70227,96.41601,98.21056,98.9039,99.18939,99.76039,100.3518,100.5149,100.4741,100.2702,100.2702,100.4537,100.3518,100.2294,99.86235,100.3518,100.0459,99.74,99.33215,99.65842,99.29136,99.63803,100.2498,100.6169,100.8208,101.453,102.595,103.431,103.5738,103.6758,105.0421,106.0413,106.5307,106.6735,107.9378,108.1009,108.1621,108.3049,108.9982,110.5073,112.363,114.2595,119.1048,124.3334,128.0449,131.634,137.0992,139.4851,139.4443,140.0765,141.504,142.4216,143.1761,144.3385
Turkiet,TUR,1.0933060000000001,1.292823,1.507054,1.674293,1.967002,2.287241,2.675989,3.138627,3.857424,4.557868,5.132368,5.721582,6.669959,7.494131,8.401686,9.433602,11.07625,12.65213,13.58152,14.4011,15.76323,17.16016,20.68342,22.83918,26.39583,29.22845,30.41385,31.85097,34.73944,36.98346,38.27925,38.56195,39.67739,40.48839,41.11902,41.6793,43.41386,43.97925,44.65977,44.97573,46.72052,47.53279,48.95012,49.84682,51.31275,52.43715,53.60375,53.40548,55.50204,57.05752,59.14513,59.62738,61.56788,61.83139,62.51447,62.8074,65.08433,67.57616,68.27715,68.07248,69.9196,70.51186,72.29758,72.41016,76.34873,77.90932,79.10663,78.95952,81.51787,83.52489,84.62626,85.5204,87.61185,90.21497,92.58144,93.4193,95.28689,96.95109,99.74352,100.2398,103.0655,105.2875,106.6536,108.2961,110.8634,116.0402,118.9145,119.7268,124.4623,127.9685,134.129,143,152.3022,153.4483,158.2056,162.3424,167.9989,172.0552,176.6397,181.4354,190.6953,198.8846,206.8231,216.3875,239.987,307.8714,360.0169,391.8836,425.6717,475.1565,505.5587,612.1086,692.671,792.7509,870.9429,943.2111,1015.752
USA,USA,64.80548,65.39616,66.04308,66.39468,66.87284,67.32288,67.59009,67.8573,68.12451,68.30733,68.67299,68.9402,69.17928,69.4465,70.12155,70.55753,70.9935,71.69669,72.45612,73.03274,73.42652,74.12971,74.90321,75.00166,74.7907,75.05791,75.8736,76.19707,76.43615,77.20965,77.49093,77.87064,77.88471,78.58789,79.71299,79.99426,80.47243,80.97872,82.06162,83.06014,83.48206,83.9321,85.35252,85.8307,85.09938,85.96669,87.61495,87.8567,88.48156,89.4874,91.45195,92.51559,89.89876,89.45139,90.39984,91.01373,91.19683,91.56291,91.9979,92.08369,92.35526,93.52339,95.15379,95.54251,95.39724,96.15625,96.95197,97.16462,97.19964,97.77344,98.30238,98.67393,98.39857,99.1476,100.3184,100.4334,99.62661,99.08544,100.28,100.5434,100.0911,100.1558,101.33,101.6671,101.8934,102.6991,103.2573,103.6668,104.051,104.9731,106.0575,106.4046,106.3434,106.6998,107.9786,108.2747,108.5053,108.9604,108.372,109.5982,109.8502,111.029,113.6269,115.446,117.1982,119.8744,123.4392,125.0621,125.5212,126.8328,128.3451,129.4571,129.5924,130.9435,132.4507,132.8508,133.1497
