quarter,house_price_index,house_price_nominal_log,cpi_log,house_price_real_log
1986Q1,111,4.709530201312334,5.068065275996532,-0.3585350746841982
1986Q2,113,4.727387818712341,5.073297055220967,-0.3459092365086258
1986Q3,116,4.7535901911063645,5.077878487640954,-0.3242882965345899
1986Q4,119,4.77912349311153,5.0878020753833,-0.3086785822717708
1987Q1,124,4.820281565605037,5.1029105702054265,-0.2826290046003894
1987Q2,127,4.844187086458591,5.1063494327022765,-0.2621623462436853
1987Q3,131,4.875197323201151,5.124162372420476,-0.24896504921932472
1987Q4,136,4.912654885736052,5.1387352967235715,-0.2260804109875192
1988Q1,143,4.962844630259907,5.151748979459899,-0.18890434919999244
1988Q2,149,5.003946305945459,5.169157357868315,-0.16521105192285557
1988Q3,158,5.062595033026967,5.180659323079804,-0.11806429005283725
1988Q4,162,5.087596335232384,5.195915432929955,-0.10831909769757164
1989Q1,172,5.147494476813453,5.214392131610276,-0.06689765479682297
1989Q2,180,5.19295685089021,5.232355610870277,-0.0393987599800667
1989Q3,187,5.231108616854587,5.2413942191484155,-0.010285602293828688
1989Q4,188,5.236441962829949,5.25888329730263,-0.022441334472680374
1990Q1,199,5.293304824724492,5.305458474699403,-0.012153649974910863
1990Q2,203,5.313205979041787,5.3275524918163715,-0.014346512774584319
1990Q3,207,5.332718793265369,5.3467900199988145,-0.01407122673344574
1990Q4,204,5.318119993844216,5.365040998590945,-0.046921004746728556
1991Q1,218,5.384495062789089,5.408217562247895,-0.023722499458806112
1991Q2,217,5.37989735354046,5.425537216558756,-0.04563986301829637
1991Q3,218,5.384495062789089,5.42788257090268,-0.04338750811359127
1991Q4,216,5.375278407684165,5.44097366694956,-0.06569525926539477
1992Q1,206,5.327876168789581,5.440684607834958,-0.11280843904537718
1992Q2,202,5.308267697401205,5.445874930905651,-0.13760723350444604
1992Q3,196,5.278114659230517,5.448316583824243,-0.17020192459372652
1992Q4,183,5.209486152841421,5.458166067489933,-0.2486799146485117
1993Q1,175,5.1647859739235145,5.487973073701257,-0.3231870997777424
1993Q2,175,5.1647859739235145,5.493198608144275,-0.3284126342207605
1993Q3,174,5.159055299214529,5.492649836008127,-0.33359453679359774
1993Q4,176,5.170483995038151,5.500986064672861,-0.3305020696347096
1994Q1,179,5.187385805840755,5.505060496494465,-0.31767469065371046
1994Q2,184,5.214935757608986,5.514100563455954,-0.29916480584696803
1994Q3,186,5.225746673713202,5.518255786913298,-0.2925091132000963
1994Q4,183,5.209486152841421,5.524389957368126,-0.31490380452670497
1995Q1,183,5.209486152841421,5.530618855647012,-0.32113270280559103
1995Q2,186,5.225746673713202,5.541786284323492,-0.3160396106102903
1995Q3,184,5.214935757608986,5.541916926429629,-0.32698116882064276
1995Q4,181,5.198497031265826,5.547388539872162,-0.3488915086063358
1996Q1,182,5.204006687076795,5.545698142226292,-0.3416914551494967
1996Q2,184,5.214935757608986,5.549335454628226,-0.33439969701924
1996Q3,187,5.231108616854587,5.542830943598439,-0.31172232674385203
1996Q4,187,5.231108616854587,5.542700420854666,-0.3115918040000789
1997Q1,190,5.247024072160486,5.539955500498411,-0.2929314283379245
1997Q2,197,5.2832037287379885,5.549594757106018,-0.2663910283680293
1997Q3,201,5.303304908059076,5.553605371188814,-0.2503004631297383
1997Q4,201,5.303304908059076,5.5579856925446185,-0.25468078448554277
1998Q1,207,5.332718793265369,5.548427366092061,-0.2157085728266921
1998Q2,214,5.365976015021851,5.552184090505087,-0.18620807548323626
1998Q3,220,5.393627546352362,5.547128664610824,-0.15350111825846202
1998Q4,223,5.407171771460119,5.548037932712699,-0.1408661612525801
1999Q1,226,5.420534999272286,5.547518452181536,-0.12698345290924973
1999Q2,235,5.459585514144159,5.554121700101795,-0.09453618595763569
1999Q3,242,5.488937726156687,5.553734478412542,-0.06479675225585524
1999Q4,242,5.488937726156687,5.558499765297233,-0.06956203914054626
2000Q1,249,5.517452896464707,5.5556690891919835,-0.038216192727276166
2000Q2,261,5.564520407322694,5.563881633746199,6.387735764947777e-4
2000Q3,270,5.598421958998375,5.563498173653304,0.03492378534507079
2000Q4,271,5.602118820879701,5.5706319618686955,0.031486859011005564
2001Q1,279,5.631211781821365,5.572027281432934,0.05918450038843126
2001Q2,283,5.645446897643238,5.590862594665805,0.054584302977432664
2001Q3,288,5.662960480135946,5.591484369230387,0.07147611090555905
2001Q4,284,5.648974238161206,5.595702214461203,0.0532720237000035
2002Q1,289,5.666426688112432,5.598421958998375,0.0680047291140573
2002Q2,298,5.697093486505405,5.610326130990876,0.08676735551452897
2002Q3,309,5.733341276897746,5.609715965617133,0.1236253112806125
2002Q4,310,5.736572297479192,5.617013492528987,0.11955880495020477
2003Q1,312,5.7430031878094825,5.627860893094735,0.11514229471474735
2003Q2,319,5.765191102784844,5.628819436182746,0.13637166660209843
2003Q3,326,5.786897381366708,5.625460507880731,0.16143687348597702
2003Q4,329,5.796057750765372,5.629777061345705,0.16628068941966667
2004Q1,336,5.817111159963204,5.6284600901885815,0.18865106977462265
2004Q2,350,5.857933154483459,5.632883024898668,0.22505012958479131
2004Q3,358,5.8805329864007,5.631092300370718,0.24944068602998204
2004Q4,362,5.8916442118257715,5.634551479581983,0.25709273224378837
2005Q1,364,5.8971538676367405,5.631092300370718,0.26606156726602226
2005Q2,377,5.932245187448011,5.635860458170742,0.29638472927726855
2005Q3,392,5.971261839790462,5.636217155160435,0.33504468463002723
2005Q4,400,5.991464547107982,5.641788860641859,0.34967568646612257
2006Q1,413,6.023447592961033,5.638805338822748,0.384642254138285
2006Q2,426,6.054439346269371,5.651037835179039,0.4034015110903315
2006Q3,439,6.0844994130751715,5.652032935854117,0.43246647722105447
2006Q4,442,6.091309882077698,5.657075139890874,0.434234742186824
2007Q1,446,6.100318952020064,5.658075884714665,0.442243067305399
2007Q2,470,6.152732694704104,5.668983969113506,0.48374872559059856
2007Q3,491,6.19644412779452,5.671259282950641,0.5251848448438796
2007Q4,492,6.198478716492308,5.6880143644065475,0.5104643520857604
2008Q1,486,6.186208623900494,5.689739893066246,0.4964687308342475
2008Q2,493,6.20050917404269,5.707232073498217,0.49327710054447316
2008Q3,500,6.214608098422191,5.713919806725422,0.5006882916967692
2008Q4,482,6.1779441140506,5.7122024822465125,0.4657416318040877
2009Q1,475,6.163314804034641,5.697797936308945,0.46551686772569667
2009Q2,494,6.202535517187923,5.702537255247769,0.49999826194015373
2009Q3,507,6.2285110035911835,5.70219232214468,0.5263186814465035
2009Q4,516,6.246106765481563,5.7080290009425205,0.5380777645390422
2010Q1,526,6.26530121273771,5.707885158239801,0.5574160544979092
2010Q2,538,6.2878585601617845,5.712907382433202,0.5749511777285825
2010Q3,541,6.293419278846481,5.713402718033191,0.5800165608132897
2010Q4,543,6.297109319933935,5.7267174459386965,0.5703918739952387
2011Q1,544,6.298949246855942,5.730402767372196,0.5685464794837465
2011Q2,547,6.304448802421981,5.7416561270842825,0.5627926753376986
2011Q3,546,6.302618975744905,5.742757431118054,0.5598615446268509
2011Q4,527,6.267200548541362,5.749775078506674,0.5174254700346888
2012Q1,525,6.263398262591624,5.747873785798793,0.5155244767928302
2012Q2,531,6.274762021241939,5.75275251682651,0.5220095044154291
2012Q3,539,6.289715570908998,5.748957647000662,0.5407579239083358
2012Q4,539,6.289715570908998,5.750475202648183,0.5392403682608142
2013Q1,539,6.289715570908998,5.747310138882068,0.5424054320269294
2013Q2,547,6.304448802421981,5.749987289105268,0.5544615133167135
2013Q3,555,6.318968113746434,5.749859968150188,0.5691081455962461
2013Q4,560,6.327936783729195,5.751132448810521,0.5768043349186733
2014Q1,569,6.343880434126331,5.743825499191434,0.6000549349348967
2014Q2,583,6.368187186350492,5.750072160736975,0.618115025613517
2014Q3,601,6.398594934535208,5.748192690470261,0.6504022440649466
2014Q4,608,6.410174881966167,5.749000127433119,0.6611747545330484
2015Q1,621,6.431331081933479,5.7439322432832505,0.6873988386502283
2015Q2,644,6.467698726104354,5.7480438809461765,0.7196548451581775
2015Q3,667,6.502790045915623,5.747586684614921,0.7552033613007021
2015Q4,684,6.52795791762255,5.749658343479135,0.7782995741434151
2016Q1,686,6.530877627725885,5.75042218009768,0.7804554476282046
2016Q2,701,6.55250788703459,5.756153521393322,0.7963543656412684
2016Q3,724,6.584791392385716,5.757870748336452,0.826920644049264
2016Q4,727,6.588926477533519,5.763915472377338,0.8250110051561812
2017Q1,742,6.60934924316738,5.7650970544752935,0.8442521886920868
2017Q2,766,6.641182169740591,5.773774846476236,0.8674073232643549
2017Q3,782,6.661854740545311,5.779188809920842,0.8826659306244693
2017Q4,782,6.661854740545311,5.781412016575716,0.8804427239695949
2018Q1,775,6.652863029353347,5.781915668059543,0.8709473612938039
2018Q2,766,6.641182169740591,5.79258668799831,0.8485954817422812
2018Q3,770,6.646390514847729,5.800203148744553,0.8461873661031758
2018Q4,769,6.645090969505644,5.802108304832901,0.8429826646727436
2019Q1,771,6.647688373563329,5.800475536222466,0.8472128373408632
2019Q2,781,6.660575149839686,5.812666774487644,0.8479083753520422
2019Q3,797,6.680854678790215,5.815264217318964,0.8655904614712515
2019Q4,799,6.683360945766275,5.819172525951206,0.8641884198150684
2020Q1,808,6.694562058521095,5.810342270889509,0.8842197876315856
2020Q2,825,6.715383386334681,5.813782212462453,0.901601173872228
2020Q3,847,6.741700694652055,5.820982624418221,0.9207180702338338
2020Q4,881,6.78105762593618,5.822365190483149,0.9586924354530311
2021Q1,913,6.816735880594968,5.825646062413042,0.9910898181819263
2021Q2,967,6.874198495453294,5.8316185128291975,1.0425799826240967
2021Q3,1018,6.925595197110468,5.8406028969323,1.0849923001781683
2021Q4,1020,6.927557906278317,5.855014613970084,1.0725432923082323
2022Q1,1029,6.9363427358340495,5.871103190436798,1.0652395453972519
2022Q2,1054,6.960347729101308,5.903352564674319,1.056995164426989
2022Q3,1045,6.951772164398911,5.933393952651884,1.0183782117470273
2022Q4,982,6.889591308354466,5.964375941417249,0.9252153669372172
2023Q1,937,6.842683282238422,5.979223260685628,0.8634600215527941
2023Q2,923,6.827629234502852,5.996957765054913,0.8306714694479389
2023Q3,929,6.834108738813838,6.007739718410079,0.8263690204037593
2023Q4,919,6.823286122355687,6.018398548348063,0.8048875740076236
2024Q1,910,6.813444599510896,6.0248670854083075,0.7885775141025881
2024Q2,921,6.825460036255307,6.030316602571777,0.7951434336835295
2024Q3,942,6.848005274576363,6.027933079046658,0.820072195529705
2024Q4,936,6.841615476477592,6.031462201953629,0.8101532745239624
2025Q1,939,6.844815479208263,6.033765447507636,0.8110500317006268
2025Q2,946,6.852242569051878,6.0343484145066535,0.8178941545452245
2025Q3,952,6.858565034791365,6.037186517116429,0.821378517674936
2025Q4,941,6.846943139585379,6.0363901104609745,0.8105530291244047
2026Q1,948,6.854354502255021,NA,NA
2026Q2,965,6.872128101338986,NA,NA
